date,region,product,revenue,orders,support_tickets,churn_rate
2025-01-01,US-East,Enterprise,41001.11,7,4,0.0314
2025-01-01,US-East,Pro,12608.67,7,5,0.0274
2025-01-01,US-East,Basic,3915.12,6,6,0.0242
2025-01-01,US-West,Enterprise,34645.18,5,4,0.0285
2025-01-01,US-West,Pro,10084.87,7,11,0.025
2025-01-01,US-West,Basic,3131.43,7,5,0.0273
2025-01-01,Europe,Enterprise,30878.97,7,4,0.0317
2025-01-01,Europe,Pro,9440.77,5,6,0.0291
2025-01-01,Europe,Basic,3146.53,7,5,0.0229
2025-01-01,Asia,Enterprise,25255.72,6,4,0.0301
2025-01-01,Asia,Pro,6910.24,3,11,0.028
2025-01-01,Asia,Basic,2224.8,5,1,0.0313
2025-01-02,US-East,Enterprise,37183.8,6,6,0.0299
2025-01-02,US-East,Pro,11000.2,5,3,0.025
2025-01-02,US-East,Basic,4097.15,7,5,0.0261
2025-01-02,US-West,Enterprise,35328.15,5,6,0.0369
2025-01-02,US-West,Pro,10254.83,5,3,0.0247
2025-01-02,US-West,Basic,3481.87,5,5,0.0377
2025-01-02,Europe,Enterprise,31232.49,3,5,0.0313
2025-01-02,Europe,Pro,9355.48,3,6,0.0234
2025-01-02,Europe,Basic,3035.13,7,1,0.0309
2025-01-02,Asia,Enterprise,22548.59,6,7,0.0366
2025-01-02,Asia,Pro,6890.34,4,7,0.0437
2025-01-02,Asia,Basic,2412.2,2,2,0.0298
2025-01-03,US-East,Enterprise,37883.53,8,6,0.0277
2025-01-03,US-East,Pro,12474.57,10,6,0.0283
2025-01-03,US-East,Basic,4014.32,5,12,0.0367
2025-01-03,US-West,Enterprise,35703.81,7,4,0.0309
2025-01-03,US-West,Pro,11388.09,3,3,0.0276
2025-01-03,US-West,Basic,3587.52,7,4,0.0246
2025-01-03,Europe,Enterprise,33606.01,10,8,0.0325
2025-01-03,Europe,Pro,9395.87,3,5,0.0283
2025-01-03,Europe,Basic,3320.54,8,4,0.0288
2025-01-03,Asia,Enterprise,26263.96,5,6,0.0253
2025-01-03,Asia,Pro,7724.02,2,4,0.029
2025-01-03,Asia,Basic,2408.92,6,9,0.0306
2025-01-04,US-East,Enterprise,23440.17,5,4,0.0318
2025-01-04,US-East,Pro,6957.64,6,8,0.0315
2025-01-04,US-East,Basic,2322.06,6,9,0.0288
2025-01-04,US-West,Enterprise,21292.76,3,10,0.0269
2025-01-04,US-West,Pro,6122.49,2,4,0.0331
2025-01-04,US-West,Basic,2180.73,3,3,0.031
2025-01-04,Europe,Enterprise,19058.34,2,7,0.0285
2025-01-04,Europe,Pro,5404.28,2,4,0.0298
2025-01-04,Europe,Basic,1792.04,4,4,0.0303
2025-01-04,Asia,Enterprise,15123.54,3,7,0.0303
2025-01-04,Asia,Pro,4300.42,4,5,0.0204
2025-01-04,Asia,Basic,1467.59,4,9,0.0349
2025-01-05,US-East,Enterprise,23946.23,4,9,0.0295
2025-01-05,US-East,Pro,7190.4,5,10,0.0315
2025-01-05,US-East,Basic,2488.99,2,6,0.0308
2025-01-05,US-West,Enterprise,21607.5,6,2,0.0308
2025-01-05,US-West,Pro,6326.62,6,3,0.0353
2025-01-05,US-West,Basic,1863.3,1,8,0.0198
2025-01-05,Europe,Enterprise,18012.75,5,6,0.0318
2025-01-05,Europe,Pro,5153.67,2,5,0.0247
2025-01-05,Europe,Basic,1754.81,1,2,0.0228
2025-01-05,Asia,Enterprise,14282.71,2,4,0.0186
2025-01-05,Asia,Pro,4301.95,2,5,0.0224
2025-01-05,Asia,Basic,1540.64,6,4,0.0288
2025-01-06,US-East,Enterprise,38129.46,7,5,0.0247
2025-01-06,US-East,Pro,11629.95,6,8,0.0282
2025-01-06,US-East,Basic,3799.93,7,7,0.0267
2025-01-06,US-West,Enterprise,33236.39,5,4,0.0257
2025-01-06,US-West,Pro,10419.25,6,8,0.0267
2025-01-06,US-West,Basic,3503.8,5,4,0.021
2025-01-06,Europe,Enterprise,28346.3,6,4,0.035
2025-01-06,Europe,Pro,8757.39,7,8,0.0244
2025-01-06,Europe,Basic,3031.34,6,5,0.027
2025-01-06,Asia,Enterprise,24754.03,4,9,0.0284
2025-01-06,Asia,Pro,7593.31,3,7,0.0308
2025-01-06,Asia,Basic,2473.07,3,7,0.028
2025-01-07,US-East,Enterprise,43127.82,9,6,0.0278
2025-01-07,US-East,Pro,12257.15,9,7,0.0254
2025-01-07,US-East,Basic,3653.43,10,6,0.0389
2025-01-07,US-West,Enterprise,35091.57,7,8,0.0322
2025-01-07,US-West,Pro,10254.16,9,5,0.0249
2025-01-07,US-West,Basic,3126.52,7,6,0.0304
2025-01-07,Europe,Enterprise,30065.5,3,5,0.0249
2025-01-07,Europe,Pro,9255.74,4,5,0.0292
2025-01-07,Europe,Basic,2990.28,6,2,0.0264
2025-01-07,Asia,Enterprise,24188.44,4,5,0.0375
2025-01-07,Asia,Pro,6710.14,2,3,0.0347
2025-01-07,Asia,Basic,2559.01,6,1,0.0244
2025-01-08,US-East,Enterprise,39074.15,8,4,0.0312
2025-01-08,US-East,Pro,12190.08,11,3,0.025
2025-01-08,US-East,Basic,3677.64,10,7,0.0362
2025-01-08,US-West,Enterprise,30407.07,2,8,0.0273
2025-01-08,US-West,Pro,10389.73,3,6,0.0219
2025-01-08,US-West,Basic,3504.87,11,2,0.0336
2025-01-08,Europe,Enterprise,30480.14,8,7,0.0326
2025-01-08,Europe,Pro,8700.85,6,5,0.0262
2025-01-08,Europe,Basic,2866.63,10,5,0.0271
2025-01-08,Asia,Enterprise,24222.78,9,3,0.0295
2025-01-08,Asia,Pro,7210.14,8,8,0.0234
2025-01-08,Asia,Basic,2380.36,6,10,0.0306
2025-01-09,US-East,Enterprise,41017.83,8,4,0.0322
2025-01-09,US-East,Pro,11918.12,10,5,0.0296
2025-01-09,US-East,Basic,3806.22,10,5,0.0343
2025-01-09,US-West,Enterprise,34614.99,4,2,0.0329
2025-01-09,US-West,Pro,10281.72,8,12,0.0256
2025-01-09,US-West,Basic,3548.64,6,3,0.026
2025-01-09,Europe,Enterprise,27204.67,3,5,0.0415
2025-01-09,Europe,Pro,8735.02,8,4,0.0381
2025-01-09,Europe,Basic,2915.67,8,7,0.0258
2025-01-09,Asia,Enterprise,24661.05,3,4,0.0332
2025-01-09,Asia,Pro,7096.93,5,7,0.0213
2025-01-09,Asia,Basic,2257.85,6,4,0.0252
2025-01-10,US-East,Enterprise,40153.94,10,12,0.0325
2025-01-10,US-East,Pro,12572.95,10,5,0.0377
2025-01-10,US-East,Basic,3944.28,6,5,0.0341
2025-01-10,US-West,Enterprise,31615.09,6,6,0.0304
2025-01-10,US-West,Pro,10198.84,7,5,0.0354
2025-01-10,US-West,Basic,3240.57,6,7,0.0265
2025-01-10,Europe,Enterprise,32499.46,6,6,0.0332
2025-01-10,Europe,Pro,9488.43,8,7,0.0366
2025-01-10,Europe,Basic,3149.33,5,2,0.0237
2025-01-10,Asia,Enterprise,25852.78,5,9,0.0356
2025-01-10,Asia,Pro,7304.73,6,5,0.0298
2025-01-10,Asia,Basic,2238.72,4,4,0.0266
2025-01-11,US-East,Enterprise,23924.12,3,6,0.0252
2025-01-11,US-East,Pro,7222.6,4,3,0.0242
2025-01-11,US-East,Basic,2438.44,1,2,0.0291
2025-01-11,US-West,Enterprise,19762.32,4,4,0.0247
2025-01-11,US-West,Pro,6584.47,6,2,0.0391
2025-01-11,US-West,Basic,2088.01,4,7,0.0334
2025-01-11,Europe,Enterprise,18462.89,8,3,0.0248
2025-01-11,Europe,Pro,5286.2,4,8,0.0356
2025-01-11,Europe,Basic,1786.68,1,7,0.0311
2025-01-11,Asia,Enterprise,15237.83,6,8,0.0277
2025-01-11,Asia,Pro,4642.96,4,4,0.0299
2025-01-11,Asia,Basic,1532.88,4,5,0.0281
2025-01-12,US-East,Enterprise,22591.72,6,5,0.0304
2025-01-12,US-East,Pro,6781.75,6,5,0.0275
2025-01-12,US-East,Basic,2376.69,8,6,0.0302
2025-01-12,US-West,Enterprise,19826.25,3,4,0.0248
2025-01-12,US-West,Pro,6441.84,4,5,0.0355
2025-01-12,US-West,Basic,1946.45,5,6,0.0247
2025-01-12,Europe,Enterprise,18088.57,7,7,0.0246
2025-01-12,Europe,Pro,5878.22,2,7,0.0315
2025-01-12,Europe,Basic,1862.78,4,8,0.0291
2025-01-12,Asia,Enterprise,14504.53,1,5,0.0228
2025-01-12,Asia,Pro,4704.94,5,6,0.0242
2025-01-12,Asia,Basic,1338.25,5,6,0.0209
2025-01-13,US-East,Enterprise,41828.58,8,5,0.0215
2025-01-13,US-East,Pro,12030.36,6,7,0.0245
2025-01-13,US-East,Basic,4140.77,6,5,0.0299
2025-01-13,US-West,Enterprise,35200.72,7,6,0.0368
2025-01-13,US-West,Pro,10533.06,4,8,0.0266
2025-01-13,US-West,Basic,3473.23,5,5,0.0407
2025-01-13,Europe,Enterprise,30290.73,5,7,0.026
2025-01-13,Europe,Pro,9810.48,9,6,0.0272
2025-01-13,Europe,Basic,2856.1,4,3,0.0269
2025-01-13,Asia,Enterprise,25027.56,7,9,0.0305
2025-01-13,Asia,Pro,7288.86,3,5,0.0379
2025-01-13,Asia,Basic,2380.87,7,9,0.0239
2025-01-14,US-East,Enterprise,38831.41,8,5,0.0246
2025-01-14,US-East,Pro,11564.36,6,10,0.0288
2025-01-14,US-East,Basic,4050.77,7,7,0.0327
2025-01-14,US-West,Enterprise,32750.73,6,8,0.03
2025-01-14,US-West,Pro,8988.21,6,2,0.0303
2025-01-14,US-West,Basic,3519.94,6,5,0.0324
2025-01-14,Europe,Enterprise,32572.74,8,4,0.0272
2025-01-14,Europe,Pro,8890.58,5,3,0.0265
2025-01-14,Europe,Basic,2793.58,7,6,0.0241
2025-01-14,Asia,Enterprise,22024.66,5,2,0.0338
2025-01-14,Asia,Pro,7119.5,4,4,0.0299
2025-01-14,Asia,Basic,2490.67,5,4,0.0251
2025-01-15,US-East,Enterprise,42747.84,6,10,0.0334
2025-01-15,US-East,Pro,11821.02,12,6,0.027
2025-01-15,US-East,Basic,4056.77,11,3,0.026
2025-01-15,US-West,Enterprise,36559.83,5,4,0.0234
2025-01-15,US-West,Pro,10909.7,8,2,0.033
2025-01-15,US-West,Basic,3658.1,4,5,0.0275
2025-01-15,Europe,Enterprise,32496.17,10,7,0.0213
2025-01-15,Europe,Pro,8202.39,6,4,0.0307
2025-01-15,Europe,Basic,3159.48,5,10,0.0316
2025-01-15,Asia,Enterprise,24269.95,4,9,0.0296
2025-01-15,Asia,Pro,7928.4,6,5,0.0341
2025-01-15,Asia,Basic,2311.04,7,6,0.0279
2025-01-16,US-East,Enterprise,40166.68,8,5,0.0256
2025-01-16,US-East,Pro,11865.95,9,9,0.0281
2025-01-16,US-East,Basic,3735.3,9,5,0.0377
2025-01-16,US-West,Enterprise,37819.68,11,6,0.036
2025-01-16,US-West,Pro,10886.94,5,6,0.0296
2025-01-16,US-West,Basic,3416.28,9,9,0.0332
2025-01-16,Europe,Enterprise,33186.05,9,3,0.0307
2025-01-16,Europe,Pro,8293.97,6,7,0.0293
2025-01-16,Europe,Basic,3028.65,9,6,0.0318
2025-01-16,Asia,Enterprise,24409.99,2,5,0.0255
2025-01-16,Asia,Pro,7087.32,4,3,0.0212
2025-01-16,Asia,Basic,2301.71,5,4,0.0304
2025-01-17,US-East,Enterprise,42097.4,5,6,0.0279
2025-01-17,US-East,Pro,11817.75,9,5,0.0278
2025-01-17,US-East,Basic,4125.77,11,6,0.0182
2025-01-17,US-West,Enterprise,32678.47,7,4,0.0403
2025-01-17,US-West,Pro,10000.36,7,5,0.0282
2025-01-17,US-West,Basic,3529.61,7,2,0.0298
2025-01-17,Europe,Enterprise,31707.95,6,8,0.0208
2025-01-17,Europe,Pro,9201.52,6,8,0.0368
2025-01-17,Europe,Basic,2985.88,5,6,0.031
2025-01-17,Asia,Enterprise,24586.69,5,7,0.03
2025-01-17,Asia,Pro,7300.02,4,5,0.0314
2025-01-17,Asia,Basic,2466.32,8,7,0.0318
2025-01-18,US-East,Enterprise,24990.31,3,3,0.0267
2025-01-18,US-East,Pro,6557.31,5,8,0.0363
2025-01-18,US-East,Basic,2376.13,5,6,0.0203
2025-01-18,US-West,Enterprise,20807.57,6,9,0.0234
2025-01-18,US-West,Pro,5674.45,1,6,0.0317
2025-01-18,US-West,Basic,2087.44,5,4,0.0278
2025-01-18,Europe,Enterprise,19055.49,2,5,0.0206
2025-01-18,Europe,Pro,5392.36,1,5,0.0339
2025-01-18,Europe,Basic,1906.81,4,2,0.0304
2025-01-18,Asia,Enterprise,15443.78,1,7,0.0312
2025-01-18,Asia,Pro,4235.55,1,9,0.0288
2025-01-18,Asia,Basic,1398.05,7,6,0.0291
2025-01-19,US-East,Enterprise,23825.43,1,2,0.023
2025-01-19,US-East,Pro,7277.89,1,2,0.0338
2025-01-19,US-East,Basic,2568.18,3,5,0.0256
2025-01-19,US-West,Enterprise,20984.89,4,6,0.0192
2025-01-19,US-West,Pro,5651.96,1,7,0.0276
2025-01-19,US-West,Basic,2085.87,7,4,0.0345
2025-01-19,Europe,Enterprise,19660.49,2,2,0.0308
2025-01-19,Europe,Pro,5602.31,1,1,0.0371
2025-01-19,Europe,Basic,1891.76,4,5,0.0243
2025-01-19,Asia,Enterprise,14695.86,2,3,0.029
2025-01-19,Asia,Pro,4420.0,1,8,0.0287
2025-01-19,Asia,Basic,1566.41,4,9,0.0324
2025-01-20,US-East,Enterprise,40146.74,5,4,0.0366
2025-01-20,US-East,Pro,13049.75,7,7,0.029
2025-01-20,US-East,Basic,3901.56,8,4,0.0245
2025-01-20,US-West,Enterprise,33937.13,3,8,0.0282
2025-01-20,US-West,Pro,10313.09,7,5,0.0332
2025-01-20,US-West,Basic,3542.79,3,2,0.0273
2025-01-20,Europe,Enterprise,28572.74,3,6,0.0173
2025-01-20,Europe,Pro,9018.04,8,3,0.0398
2025-01-20,Europe,Basic,3452.83,3,8,0.0267
2025-01-20,Asia,Enterprise,25462.11,4,7,0.0241
2025-01-20,Asia,Pro,7407.09,1,10,0.029
2025-01-20,Asia,Basic,2578.0,6,4,0.0153
2025-01-21,US-East,Enterprise,42662.99,10,5,0.0273
2025-01-21,US-East,Pro,12740.66,9,7,0.0336
2025-01-21,US-East,Basic,3905.44,7,4,0.0205
2025-01-21,US-West,Enterprise,34985.06,6,3,0.0259
2025-01-21,US-West,Pro,9550.06,4,7,0.0332
2025-01-21,US-West,Basic,3247.1,6,6,0.0314
2025-01-21,Europe,Enterprise,29552.43,6,7,0.0263
2025-01-21,Europe,Pro,9570.75,2,2,0.0299
2025-01-21,Europe,Basic,2928.75,8,0,0.0269
2025-01-21,Asia,Enterprise,24453.54,6,2,0.0248
2025-01-21,Asia,Pro,7632.84,3,3,0.0276
2025-01-21,Asia,Basic,2550.3,5,7,0.031
2025-01-22,US-East,Enterprise,43692.0,10,1,0.0348
2025-01-22,US-East,Pro,12993.42,8,4,0.031
2025-01-22,US-East,Basic,4162.23,8,5,0.0362
2025-01-22,US-West,Enterprise,34116.84,6,7,0.0324
2025-01-22,US-West,Pro,11064.41,8,6,0.0273
2025-01-22,US-West,Basic,3438.95,6,2,0.025
2025-01-22,Europe,Enterprise,28259.53,3,1,0.0289
2025-01-22,Europe,Pro,7966.89,6,2,0.018
2025-01-22,Europe,Basic,3062.71,7,7,0.0334
2025-01-22,Asia,Enterprise,25198.38,4,2,0.0271
2025-01-22,Asia,Pro,6548.72,4,1,0.0349
2025-01-22,Asia,Basic,2282.04,5,3,0.0334
2025-01-23,US-East,Enterprise,39340.54,6,9,0.029
2025-01-23,US-East,Pro,11859.23,6,6,0.027
2025-01-23,US-East,Basic,4408.77,6,7,0.0258
2025-01-23,US-West,Enterprise,38358.39,4,5,0.0309
2025-01-23,US-West,Pro,9266.71,9,3,0.0279
2025-01-23,US-West,Basic,3575.19,3,5,0.0323
2025-01-23,Europe,Enterprise,31296.59,6,7,0.0374
2025-01-23,Europe,Pro,9356.67,5,1,0.03
2025-01-23,Europe,Basic,2872.82,6,5,0.0405
2025-01-23,Asia,Enterprise,24212.44,4,6,0.0268
2025-01-23,Asia,Pro,7445.59,5,8,0.0301
2025-01-23,Asia,Basic,2334.59,3,8,0.0334
2025-01-24,US-East,Enterprise,43817.57,7,5,0.0282
2025-01-24,US-East,Pro,12551.48,8,9,0.0335
2025-01-24,US-East,Basic,3975.75,4,2,0.0266
2025-01-24,US-West,Enterprise,34849.79,4,1,0.0246
2025-01-24,US-West,Pro,10791.65,4,7,0.0339
2025-01-24,US-West,Basic,3435.28,5,5,0.0371
2025-01-24,Europe,Enterprise,31339.58,9,4,0.0349
2025-01-24,Europe,Pro,9579.14,6,11,0.0252
2025-01-24,Europe,Basic,2987.48,7,10,0.0335
2025-01-24,Asia,Enterprise,25600.53,4,4,0.0296
2025-01-24,Asia,Pro,7652.54,3,7,0.0312
2025-01-24,Asia,Basic,2626.07,3,7,0.0286
2025-01-25,US-East,Enterprise,25969.58,9,4,0.0211
2025-01-25,US-East,Pro,7531.47,2,4,0.0232
2025-01-25,US-East,Basic,2373.66,6,4,0.0308
2025-01-25,US-West,Enterprise,21436.54,6,4,0.0372
2025-01-25,US-West,Pro,6114.51,1,4,0.0288
2025-01-25,US-West,Basic,1994.55,5,4,0.0352
2025-01-25,Europe,Enterprise,16839.49,3,5,0.0296
2025-01-25,Europe,Pro,5586.89,4,3,0.0259
2025-01-25,Europe,Basic,1954.95,5,6,0.0328
2025-01-25,Asia,Enterprise,15012.71,3,3,0.0234
2025-01-25,Asia,Pro,4089.38,3,7,0.0299
2025-01-25,Asia,Basic,1463.26,3,5,0.0282
2025-01-26,US-East,Enterprise,26804.31,8,4,0.0318
2025-01-26,US-East,Pro,7604.41,3,4,0.0256
2025-01-26,US-East,Basic,2393.33,5,11,0.0334
2025-01-26,US-West,Enterprise,20731.63,6,7,0.0418
2025-01-26,US-West,Pro,6094.87,7,6,0.0265
2025-01-26,US-West,Basic,2095.52,5,5,0.0299
2025-01-26,Europe,Enterprise,18987.71,1,5,0.0305
2025-01-26,Europe,Pro,5085.59,1,8,0.0327
2025-01-26,Europe,Basic,1827.37,1,9,0.0324
2025-01-26,Asia,Enterprise,14103.86,3,2,0.0254
2025-01-26,Asia,Pro,4461.53,6,2,0.0265
2025-01-26,Asia,Basic,1385.83,2,3,0.0285
2025-01-27,US-East,Enterprise,38324.23,6,8,0.03
2025-01-27,US-East,Pro,11546.94,9,5,0.0288
2025-01-27,US-East,Basic,4205.14,6,5,0.0298
2025-01-27,US-West,Enterprise,33647.25,10,2,0.0348
2025-01-27,US-West,Pro,10642.9,10,10,0.0291
2025-01-27,US-West,Basic,3376.41,6,4,0.0347
2025-01-27,Europe,Enterprise,32721.79,5,6,0.0291
2025-01-27,Europe,Pro,8974.87,9,3,0.0286
2025-01-27,Europe,Basic,3054.7,10,3,0.037
2025-01-27,Asia,Enterprise,25207.59,6,6,0.0331
2025-01-27,Asia,Pro,7518.54,5,10,0.0268
2025-01-27,Asia,Basic,2345.09,3,4,0.0266
2025-01-28,US-East,Enterprise,39369.24,10,9,0.033
2025-01-28,US-East,Pro,11785.66,8,6,0.0232
2025-01-28,US-East,Basic,3928.33,10,3,0.0283
2025-01-28,US-West,Enterprise,35916.47,6,11,0.0303
2025-01-28,US-West,Pro,11127.17,5,5,0.0361
2025-01-28,US-West,Basic,3400.75,3,2,0.0332
2025-01-28,Europe,Enterprise,31892.87,9,8,0.0388
2025-01-28,Europe,Pro,9050.91,3,11,0.0272
2025-01-28,Europe,Basic,3082.85,4,8,0.0263
2025-01-28,Asia,Enterprise,24144.21,7,6,0.0384
2025-01-28,Asia,Pro,7617.55,7,9,0.0308
2025-01-28,Asia,Basic,2569.15,1,1,0.0356
2025-01-29,US-East,Enterprise,39657.06,7,9,0.0314
2025-01-29,US-East,Pro,12443.98,10,2,0.0294
2025-01-29,US-East,Basic,4090.01,6,2,0.0214
2025-01-29,US-West,Enterprise,34721.07,3,4,0.0277
2025-01-29,US-West,Pro,10132.28,4,4,0.0344
2025-01-29,US-West,Basic,3445.88,3,5,0.0292
2025-01-29,Europe,Enterprise,28783.61,7,5,0.0241
2025-01-29,Europe,Pro,8218.72,6,10,0.0382
2025-01-29,Europe,Basic,3091.29,9,8,0.0313
2025-01-29,Asia,Enterprise,23239.23,3,5,0.0434
2025-01-29,Asia,Pro,6958.22,5,4,0.0245
2025-01-29,Asia,Basic,2506.87,7,5,0.0274
2025-01-30,US-East,Enterprise,39129.93,9,4,0.0315
2025-01-30,US-East,Pro,12656.79,11,4,0.0334
2025-01-30,US-East,Basic,3947.32,6,6,0.0397
2025-01-30,US-West,Enterprise,32734.71,8,2,0.0282
2025-01-30,US-West,Pro,10634.74,2,5,0.0196
2025-01-30,US-West,Basic,3823.6,7,2,0.0314
2025-01-30,Europe,Enterprise,31446.24,4,5,0.0316
2025-01-30,Europe,Pro,9109.88,7,4,0.0244
2025-01-30,Europe,Basic,3121.16,8,3,0.0305
2025-01-30,Asia,Enterprise,25160.79,4,10,0.0311
2025-01-30,Asia,Pro,7823.68,7,5,0.0259
2025-01-30,Asia,Basic,2329.27,3,3,0.0242
2025-01-31,US-East,Enterprise,39228.77,8,12,0.0253
2025-01-31,US-East,Pro,13538.33,10,6,0.0288
2025-01-31,US-East,Basic,3976.68,4,6,0.0232
2025-01-31,US-West,Enterprise,38781.77,9,10,0.0305
2025-01-31,US-West,Pro,10829.93,8,5,0.0307
2025-01-31,US-West,Basic,3407.81,7,3,0.0404
2025-01-31,Europe,Enterprise,31023.69,7,2,0.0279
2025-01-31,Europe,Pro,10219.26,7,7,0.0233
2025-01-31,Europe,Basic,3021.81,8,5,0.036
2025-01-31,Asia,Enterprise,24324.44,4,7,0.0358
2025-01-31,Asia,Pro,6540.9,3,5,0.0252
2025-01-31,Asia,Basic,2464.39,6,5,0.0308
2025-02-01,US-East,Enterprise,25487.22,7,4,0.0358
2025-02-01,US-East,Pro,7968.52,4,3,0.0266
2025-02-01,US-East,Basic,2345.91,4,10,0.0237
2025-02-01,US-West,Enterprise,23018.61,5,9,0.0382
2025-02-01,US-West,Pro,6304.72,4,6,0.0375
2025-02-01,US-West,Basic,2047.87,6,6,0.0241
2025-02-01,Europe,Enterprise,20260.9,6,5,0.0323
2025-02-01,Europe,Pro,5090.2,1,4,0.0286
2025-02-01,Europe,Basic,1793.07,3,3,0.0281
2025-02-01,Asia,Enterprise,14593.99,1,3,0.0295
2025-02-01,Asia,Pro,4451.16,3,4,0.0302
2025-02-01,Asia,Basic,1530.54,4,4,0.0249
2025-02-02,US-East,Enterprise,26526.57,4,5,0.0201
2025-02-02,US-East,Pro,7275.02,6,4,0.0261
2025-02-02,US-East,Basic,2346.54,4,5,0.0242
2025-02-02,US-West,Enterprise,19398.75,3,3,0.0308
2025-02-02,US-West,Pro,5958.26,5,6,0.0326
2025-02-02,US-West,Basic,2229.54,3,5,0.0359
2025-02-02,Europe,Enterprise,19327.42,6,7,0.0357
2025-02-02,Europe,Pro,5686.93,5,4,0.0327
2025-02-02,Europe,Basic,1786.65,2,4,0.0277
2025-02-02,Asia,Enterprise,15679.18,4,7,0.0384
2025-02-02,Asia,Pro,4641.6,1,3,0.0354
2025-02-02,Asia,Basic,1525.2,2,3,0.0194
2025-02-03,US-East,Enterprise,41397.43,7,4,0.035
2025-02-03,US-East,Pro,11749.01,8,3,0.0347
2025-02-03,US-East,Basic,3829.91,9,9,0.0318
2025-02-03,US-West,Enterprise,35780.44,5,3,0.0264
2025-02-03,US-West,Pro,10173.29,9,4,0.0262
2025-02-03,US-West,Basic,3602.74,10,2,0.0267
2025-02-03,Europe,Enterprise,29903.17,8,2,0.033
2025-02-03,Europe,Pro,10701.92,7,4,0.0258
2025-02-03,Europe,Basic,3035.53,5,9,0.0384
2025-02-03,Asia,Enterprise,23885.89,2,4,0.0357
2025-02-03,Asia,Pro,7910.84,6,5,0.0277
2025-02-03,Asia,Basic,2289.23,6,3,0.0317
2025-02-04,US-East,Enterprise,47234.71,8,2,0.031
2025-02-04,US-East,Pro,11997.38,4,5,0.0313
2025-02-04,US-East,Basic,4379.83,5,9,0.0335
2025-02-04,US-West,Enterprise,35169.92,4,7,0.0362
2025-02-04,US-West,Pro,10909.31,7,4,0.0197
2025-02-04,US-West,Basic,3438.08,5,6,0.0288
2025-02-04,Europe,Enterprise,32042.48,6,5,0.0286
2025-02-04,Europe,Pro,8969.55,6,4,0.0264
2025-02-04,Europe,Basic,2851.39,7,6,0.0296
2025-02-04,Asia,Enterprise,25035.69,8,5,0.0231
2025-02-04,Asia,Pro,8395.48,4,7,0.0322
2025-02-04,Asia,Basic,2194.89,5,6,0.0306
2025-02-05,US-East,Enterprise,40747.98,9,4,0.0342
2025-02-05,US-East,Pro,12726.79,5,5,0.0273
2025-02-05,US-East,Basic,4251.66,11,11,0.0307
2025-02-05,US-West,Enterprise,34592.58,7,4,0.0379
2025-02-05,US-West,Pro,10429.67,5,3,0.0181
2025-02-05,US-West,Basic,3508.41,6,2,0.0309
2025-02-05,Europe,Enterprise,34159.69,10,4,0.0405
2025-02-05,Europe,Pro,9728.64,5,2,0.0341
2025-02-05,Europe,Basic,3157.21,4,6,0.0261
2025-02-05,Asia,Enterprise,25320.41,2,2,0.0389
2025-02-05,Asia,Pro,7175.67,3,6,0.0331
2025-02-05,Asia,Basic,2650.2,2,4,0.0432
2025-02-06,US-East,Enterprise,42185.72,8,6,0.0272
2025-02-06,US-East,Pro,13636.8,11,5,0.0314
2025-02-06,US-East,Basic,3743.94,9,5,0.0368
2025-02-06,US-West,Enterprise,33686.26,1,5,0.0274
2025-02-06,US-West,Pro,9983.42,7,4,0.0344
2025-02-06,US-West,Basic,3384.97,9,6,0.0316
2025-02-06,Europe,Enterprise,28651.97,5,1,0.035
2025-02-06,Europe,Pro,9040.32,6,5,0.0282
2025-02-06,Europe,Basic,3248.25,1,2,0.0311
2025-02-06,Asia,Enterprise,26610.88,5,7,0.0345
2025-02-06,Asia,Pro,7267.42,2,5,0.0304
2025-02-06,Asia,Basic,2362.1,3,2,0.0254
2025-02-07,US-East,Enterprise,45017.75,11,4,0.0415
2025-02-07,US-East,Pro,11722.69,10,6,0.0357
2025-02-07,US-East,Basic,4161.34,9,5,0.034
2025-02-07,US-West,Enterprise,37276.74,5,10,0.0215
2025-02-07,US-West,Pro,11403.04,9,7,0.0223
2025-02-07,US-West,Basic,3473.27,8,9,0.0268
2025-02-07,Europe,Enterprise,30081.28,5,8,0.0317
2025-02-07,Europe,Pro,9561.63,4,6,0.0361
2025-02-07,Europe,Basic,3353.52,4,9,0.0297
2025-02-07,Asia,Enterprise,25410.48,5,6,0.0292
2025-02-07,Asia,Pro,7630.07,8,9,0.0318
2025-02-07,Asia,Basic,2608.82,4,6,0.0254
2025-02-08,US-East,Enterprise,25205.35,5,3,0.0321
2025-02-08,US-East,Pro,7630.07,2,6,0.0234
2025-02-08,US-East,Basic,2565.62,4,7,0.0217
2025-02-08,US-West,Enterprise,21267.98,4,6,0.0383
2025-02-08,US-West,Pro,6352.86,1,1,0.0264
2025-02-08,US-West,Basic,2213.83,5,4,0.0308
2025-02-08,Europe,Enterprise,20423.17,5,1,0.0295
2025-02-08,Europe,Pro,5581.7,2,5,0.0355
2025-02-08,Europe,Basic,1883.54,6,9,0.0229
2025-02-08,Asia,Enterprise,14836.3,1,1,0.0351
2025-02-08,Asia,Pro,4326.01,1,2,0.0211
2025-02-08,Asia,Basic,1558.92,1,6,0.0239
2025-02-09,US-East,Enterprise,24105.98,2,3,0.0255
2025-02-09,US-East,Pro,7757.07,6,5,0.0277
2025-02-09,US-East,Basic,2744.78,5,7,0.0347
2025-02-09,US-West,Enterprise,19217.05,4,6,0.0257
2025-02-09,US-West,Pro,6211.87,4,3,0.0281
2025-02-09,US-West,Basic,2149.88,3,5,0.0241
2025-02-09,Europe,Enterprise,18448.08,6,8,0.0238
2025-02-09,Europe,Pro,5409.06,1,4,0.0366
2025-02-09,Europe,Basic,1850.13,2,6,0.0371
2025-02-09,Asia,Enterprise,15159.33,2,3,0.034
2025-02-09,Asia,Pro,4613.74,1,3,0.0273
2025-02-09,Asia,Basic,1506.85,1,6,0.0298
2025-02-10,US-East,Enterprise,42827.75,10,5,0.0263
2025-02-10,US-East,Pro,13519.46,10,3,0.0312
2025-02-10,US-East,Basic,4317.18,8,10,0.0358
2025-02-10,US-West,Enterprise,35754.83,9,7,0.0272
2025-02-10,US-West,Pro,10544.63,10,7,0.0294
2025-02-10,US-West,Basic,3915.99,6,6,0.0171
2025-02-10,Europe,Enterprise,33429.29,7,9,0.0283
2025-02-10,Europe,Pro,9199.67,6,6,0.0362
2025-02-10,Europe,Basic,3137.31,6,5,0.0332
2025-02-10,Asia,Enterprise,23123.65,5,6,0.0344
2025-02-10,Asia,Pro,7422.64,5,5,0.0317
2025-02-10,Asia,Basic,2562.88,5,8,0.031
2025-02-11,US-East,Enterprise,39634.41,8,5,0.0322
2025-02-11,US-East,Pro,11704.92,8,5,0.029
2025-02-11,US-East,Basic,4391.85,8,3,0.042
2025-02-11,US-West,Enterprise,36932.42,7,3,0.022
2025-02-11,US-West,Pro,10485.88,5,4,0.0296
2025-02-11,US-West,Basic,3519.93,6,4,0.0335
2025-02-11,Europe,Enterprise,30008.89,3,2,0.038
2025-02-11,Europe,Pro,9980.15,8,6,0.0229
2025-02-11,Europe,Basic,3338.15,6,7,0.0369
2025-02-11,Asia,Enterprise,23498.43,5,9,0.0273
2025-02-11,Asia,Pro,7524.2,3,6,0.0223
2025-02-11,Asia,Basic,2540.21,4,5,0.0306
2025-02-12,US-East,Enterprise,44118.44,7,3,0.0366
2025-02-12,US-East,Pro,12685.18,10,9,0.0304
2025-02-12,US-East,Basic,4540.37,7,6,0.0251
2025-02-12,US-West,Enterprise,34369.19,9,7,0.0275
2025-02-12,US-West,Pro,10313.56,11,4,0.0277
2025-02-12,US-West,Basic,3445.92,5,7,0.0293
2025-02-12,Europe,Enterprise,31682.89,6,5,0.0345
2025-02-12,Europe,Pro,9623.84,7,7,0.0382
2025-02-12,Europe,Basic,3197.58,8,4,0.0311
2025-02-12,Asia,Enterprise,27277.79,1,4,0.0306
2025-02-12,Asia,Pro,8077.07,3,5,0.03
2025-02-12,Asia,Basic,2605.2,8,4,0.0283
2025-02-13,US-East,Enterprise,42673.67,6,4,0.032
2025-02-13,US-East,Pro,13034.56,11,10,0.0179
2025-02-13,US-East,Basic,3935.23,9,5,0.029
2025-02-13,US-West,Enterprise,34312.79,3,5,0.0304
2025-02-13,US-West,Pro,11398.36,7,3,0.0284
2025-02-13,US-West,Basic,3649.61,6,7,0.0218
2025-02-13,Europe,Enterprise,36201.45,7,8,0.0222
2025-02-13,Europe,Pro,9079.76,8,7,0.0283
2025-02-13,Europe,Basic,3242.68,10,9,0.0295
2025-02-13,Asia,Enterprise,24587.94,6,8,0.0286
2025-02-13,Asia,Pro,8471.95,6,3,0.0221
2025-02-13,Asia,Basic,2415.91,4,5,0.02
2025-02-14,US-East,Enterprise,43628.25,8,6,0.0375
2025-02-14,US-East,Pro,13292.29,9,3,0.0278
2025-02-14,US-East,Basic,4560.0,6,4,0.0382
2025-02-14,US-West,Enterprise,35241.42,5,6,0.0238
2025-02-14,US-West,Pro,10990.7,3,6,0.0214
2025-02-14,US-West,Basic,3488.01,9,8,0.0338
2025-02-14,Europe,Enterprise,33471.22,7,5,0.0347
2025-02-14,Europe,Pro,9769.06,10,4,0.0351
2025-02-14,Europe,Basic,3228.22,3,4,0.032
2025-02-14,Asia,Enterprise,26726.84,5,8,0.0284
2025-02-14,Asia,Pro,7778.39,4,4,0.035
2025-02-14,Asia,Basic,2663.67,1,5,0.0402
2025-02-15,US-East,Enterprise,25091.68,4,6,0.0255
2025-02-15,US-East,Pro,8130.87,2,4,0.0361
2025-02-15,US-East,Basic,2727.52,7,7,0.0294
2025-02-15,US-West,Enterprise,22927.43,4,5,0.0281
2025-02-15,US-West,Pro,6664.95,5,4,0.019
2025-02-15,US-West,Basic,2162.75,6,5,0.0363
2025-02-15,Europe,Enterprise,20380.0,4,6,0.0359
2025-02-15,Europe,Pro,5743.13,3,6,0.0325
2025-02-15,Europe,Basic,1920.2,6,5,0.0275
2025-02-15,Asia,Enterprise,15149.68,3,2,0.0269
2025-02-15,Asia,Pro,4953.22,3,4,0.0337
2025-02-15,Asia,Basic,1661.24,6,4,0.0326
2025-02-16,US-East,Enterprise,27056.46,6,6,0.0335
2025-02-16,US-East,Pro,8167.2,6,4,0.0322
2025-02-16,US-East,Basic,2440.32,5,5,0.0321
2025-02-16,US-West,Enterprise,21422.88,6,3,0.03
2025-02-16,US-West,Pro,6901.59,7,7,0.0221
2025-02-16,US-West,Basic,2251.59,4,6,0.0319
2025-02-16,Europe,Enterprise,19611.84,4,3,0.0368
2025-02-16,Europe,Pro,5736.09,1,4,0.0327
2025-02-16,Europe,Basic,1994.81,8,4,0.0349
2025-02-16,Asia,Enterprise,15485.94,5,9,0.0313
2025-02-16,Asia,Pro,4701.29,3,8,0.0319
2025-02-16,Asia,Basic,1602.7,3,6,0.0297
2025-02-17,US-East,Enterprise,46528.65,6,6,0.034
2025-02-17,US-East,Pro,12643.75,10,8,0.0239
2025-02-17,US-East,Basic,4276.6,7,6,0.0272
2025-02-17,US-West,Enterprise,38409.45,8,9,0.0251
2025-02-17,US-West,Pro,11364.73,3,10,0.0263
2025-02-17,US-West,Basic,3564.11,5,7,0.0357
2025-02-17,Europe,Enterprise,30632.3,10,2,0.0277
2025-02-17,Europe,Pro,10603.83,5,7,0.0339
2025-02-17,Europe,Basic,3316.63,8,7,0.0341
2025-02-17,Asia,Enterprise,26197.59,4,6,0.0369
2025-02-17,Asia,Pro,7952.39,5,5,0.0254
2025-02-17,Asia,Basic,2877.26,4,6,0.0334
2025-02-18,US-East,Enterprise,44932.92,5,4,0.0347
2025-02-18,US-East,Pro,13531.83,11,5,0.0378
2025-02-18,US-East,Basic,4546.65,11,4,0.0296
2025-02-18,US-West,Enterprise,37436.21,9,4,0.0326
2025-02-18,US-West,Pro,10266.01,8,10,0.027
2025-02-18,US-West,Basic,3808.24,8,3,0.0318
2025-02-18,Europe,Enterprise,36532.54,9,3,0.0336
2025-02-18,Europe,Pro,9845.31,8,3,0.0326
2025-02-18,Europe,Basic,3297.89,5,5,0.0315
2025-02-18,Asia,Enterprise,27358.6,3,8,0.0302
2025-02-18,Asia,Pro,8615.27,9,4,0.0288
2025-02-18,Asia,Basic,2557.71,4,6,0.0315
2025-02-19,US-East,Enterprise,44215.64,10,5,0.0368
2025-02-19,US-East,Pro,13111.09,8,10,0.0337
2025-02-19,US-East,Basic,4965.83,9,5,0.0294
2025-02-19,US-West,Enterprise,37589.03,7,3,0.0237
2025-02-19,US-West,Pro,9988.66,8,7,0.0371
2025-02-19,US-West,Basic,3632.08,8,4,0.0204
2025-02-19,Europe,Enterprise,32175.19,8,5,0.0334
2025-02-19,Europe,Pro,9722.64,3,5,0.0317
2025-02-19,Europe,Basic,3281.7,9,5,0.029
2025-02-19,Asia,Enterprise,25032.68,5,6,0.0329
2025-02-19,Asia,Pro,6825.16,9,5,0.0344
2025-02-19,Asia,Basic,2742.98,5,4,0.0293
2025-02-20,US-East,Enterprise,38146.15,7,3,0.0273
2025-02-20,US-East,Pro,13232.96,8,5,0.0363
2025-02-20,US-East,Basic,4308.96,8,5,0.0322
2025-02-20,US-West,Enterprise,35726.11,9,6,0.033
2025-02-20,US-West,Pro,10732.99,10,6,0.03
2025-02-20,US-West,Basic,3598.94,6,6,0.0252
2025-02-20,Europe,Enterprise,33892.78,8,4,0.0367
2025-02-20,Europe,Pro,8933.8,6,8,0.0343
2025-02-20,Europe,Basic,3556.61,7,6,0.0275
2025-02-20,Asia,Enterprise,24944.81,4,6,0.0288
2025-02-20,Asia,Pro,7881.56,7,6,0.041
2025-02-20,Asia,Basic,2784.29,3,7,0.0339
2025-02-21,US-East,Enterprise,46240.06,9,8,0.0267
2025-02-21,US-East,Pro,13019.3,6,7,0.0356
2025-02-21,US-East,Basic,4694.2,9,8,0.0304
2025-02-21,US-West,Enterprise,36702.32,13,5,0.0331
2025-02-21,US-West,Pro,11373.44,11,5,0.0251
2025-02-21,US-West,Basic,3577.83,9,7,0.0365
2025-02-21,Europe,Enterprise,32021.71,6,8,0.0291
2025-02-21,Europe,Pro,9090.75,10,8,0.0238
2025-02-21,Europe,Basic,3331.93,8,3,0.0346
2025-02-21,Asia,Enterprise,29059.51,4,6,0.0348
2025-02-21,Asia,Pro,7084.83,4,6,0.0284
2025-02-21,Asia,Basic,2732.48,5,5,0.0201
2025-02-22,US-East,Enterprise,23917.9,2,6,0.0241
2025-02-22,US-East,Pro,7842.4,6,8,0.0222
2025-02-22,US-East,Basic,2414.07,5,2,0.0348
2025-02-22,US-West,Enterprise,25078.3,4,5,0.0325
2025-02-22,US-West,Pro,6270.97,7,3,0.0262
2025-02-22,US-West,Basic,2254.34,6,7,0.0325
2025-02-22,Europe,Enterprise,19347.32,8,2,0.0332
2025-02-22,Europe,Pro,5943.43,1,6,0.0205
2025-02-22,Europe,Basic,1956.84,3,3,0.0286
2025-02-22,Asia,Enterprise,15847.67,3,7,0.0305
2025-02-22,Asia,Pro,4871.76,4,5,0.0352
2025-02-22,Asia,Basic,1553.59,4,2,0.0306
2025-02-23,US-East,Enterprise,27573.23,3,7,0.0306
2025-02-23,US-East,Pro,7621.48,2,4,0.03
2025-02-23,US-East,Basic,2756.86,7,5,0.0315
2025-02-23,US-West,Enterprise,21102.72,3,5,0.025
2025-02-23,US-West,Pro,6835.3,3,7,0.0254
2025-02-23,US-West,Basic,2448.88,3,7,0.0298
2025-02-23,Europe,Enterprise,19557.5,2,7,0.0305
2025-02-23,Europe,Pro,5644.2,3,4,0.032
2025-02-23,Europe,Basic,1904.69,5,5,0.0366
2025-02-23,Asia,Enterprise,16043.85,4,7,0.0276
2025-02-23,Asia,Pro,4934.17,2,7,0.0344
2025-02-23,Asia,Basic,1575.26,3,4,0.0333
2025-02-24,US-East,Enterprise,43298.34,5,3,0.0219
2025-02-24,US-East,Pro,14644.91,12,6,0.0261
2025-02-24,US-East,Basic,4299.18,10,4,0.0365
2025-02-24,US-West,Enterprise,42559.05,6,3,0.0335
2025-02-24,US-West,Pro,10473.72,4,5,0.0381
2025-02-24,US-West,Basic,3846.65,5,8,0.0368
2025-02-24,Europe,Enterprise,36597.48,8,7,0.0225
2025-02-24,Europe,Pro,9802.0,8,4,0.0263
2025-02-24,Europe,Basic,3215.8,5,7,0.0354
2025-02-24,Asia,Enterprise,26879.49,5,5,0.03
2025-02-24,Asia,Pro,7764.97,4,0,0.0361
2025-02-24,Asia,Basic,2635.59,3,6,0.0251
2025-02-25,US-East,Enterprise,43703.58,10,5,0.0284
2025-02-25,US-East,Pro,14460.05,9,11,0.019
2025-02-25,US-East,Basic,4045.72,7,4,0.0288
2025-02-25,US-West,Enterprise,37184.9,2,6,0.0235
2025-02-25,US-West,Pro,10719.66,7,10,0.0333
2025-02-25,US-West,Basic,3577.58,8,5,0.0292
2025-02-25,Europe,Enterprise,31558.44,7,4,0.0233
2025-02-25,Europe,Pro,8917.27,4,4,0.0308
2025-02-25,Europe,Basic,3517.82,4,6,0.0205
2025-02-25,Asia,Enterprise,27101.0,3,5,0.028
2025-02-25,Asia,Pro,7923.45,7,5,0.0281
2025-02-25,Asia,Basic,2404.89,3,7,0.0241
2025-02-26,US-East,Enterprise,42899.4,5,2,0.0234
2025-02-26,US-East,Pro,13916.97,10,5,0.0318
2025-02-26,US-East,Basic,4369.37,6,5,0.04
2025-02-26,US-West,Enterprise,40088.75,7,6,0.0276
2025-02-26,US-West,Pro,11357.27,8,7,0.0376
2025-02-26,US-West,Basic,3865.09,6,4,0.0275
2025-02-26,Europe,Enterprise,34501.85,2,8,0.0279
2025-02-26,Europe,Pro,10552.32,6,3,0.0404
2025-02-26,Europe,Basic,2979.32,9,5,0.0276
2025-02-26,Asia,Enterprise,27898.78,3,1,0.0173
2025-02-26,Asia,Pro,7940.39,5,6,0.0322
2025-02-26,Asia,Basic,2621.3,3,2,0.0361
2025-02-27,US-East,Enterprise,43096.21,7,6,0.0289
2025-02-27,US-East,Pro,12996.86,9,8,0.0381
2025-02-27,US-East,Basic,4200.73,10,9,0.0251
2025-02-27,US-West,Enterprise,38824.59,7,2,0.0332
2025-02-27,US-West,Pro,12017.32,7,6,0.0302
2025-02-27,US-West,Basic,3936.39,10,3,0.0335
2025-02-27,Europe,Enterprise,32996.8,5,4,0.0315
2025-02-27,Europe,Pro,9430.51,7,6,0.0402
2025-02-27,Europe,Basic,3556.56,10,2,0.0311
2025-02-27,Asia,Enterprise,27533.4,4,5,0.0256
2025-02-27,Asia,Pro,7476.25,6,1,0.0324
2025-02-27,Asia,Basic,2642.26,8,6,0.0269
2025-02-28,US-East,Enterprise,46394.38,12,6,0.0253
2025-02-28,US-East,Pro,12676.43,8,8,0.0309
2025-02-28,US-East,Basic,4325.04,10,7,0.0339
2025-02-28,US-West,Enterprise,37108.23,1,7,0.0368
2025-02-28,US-West,Pro,11377.92,9,6,0.0312
2025-02-28,US-West,Basic,3815.31,6,7,0.0333
2025-02-28,Europe,Enterprise,33749.81,1,7,0.0293
2025-02-28,Europe,Pro,10362.5,7,4,0.0244
2025-02-28,Europe,Basic,3579.89,6,4,0.0359
2025-02-28,Asia,Enterprise,29646.39,6,8,0.0307
2025-02-28,Asia,Pro,8041.96,6,2,0.0199
2025-02-28,Asia,Basic,2768.75,10,8,0.0272
2025-03-01,US-East,Enterprise,28195.54,6,8,0.0219
2025-03-01,US-East,Pro,7961.18,6,0,0.0248
2025-03-01,US-East,Basic,2643.18,2,5,0.0351
2025-03-01,US-West,Enterprise,22762.91,3,4,0.0286
2025-03-01,US-West,Pro,6465.08,5,6,0.0299
2025-03-01,US-West,Basic,2185.98,4,4,0.0238
2025-03-01,Europe,Enterprise,21257.99,2,3,0.0271
2025-03-01,Europe,Pro,6026.86,2,5,0.0399
2025-03-01,Europe,Basic,1969.52,2,7,0.0342
2025-03-01,Asia,Enterprise,15188.62,4,6,0.0303
2025-03-01,Asia,Pro,4939.11,3,3,0.0326
2025-03-01,Asia,Basic,1569.57,3,8,0.0288
2025-03-02,US-East,Enterprise,27523.93,6,4,0.0178
2025-03-02,US-East,Pro,8416.67,3,6,0.0309
2025-03-02,US-East,Basic,2965.22,4,3,0.0316
2025-03-02,US-West,Enterprise,23826.34,6,5,0.0389
2025-03-02,US-West,Pro,6413.74,8,6,0.0312
2025-03-02,US-West,Basic,2251.63,5,4,0.0251
2025-03-02,Europe,Enterprise,21446.76,1,4,0.0267
2025-03-02,Europe,Pro,5890.78,2,3,0.0281
2025-03-02,Europe,Basic,2163.87,2,5,0.0334
2025-03-02,Asia,Enterprise,15055.43,1,5,0.0384
2025-03-02,Asia,Pro,4541.38,1,5,0.0302
2025-03-02,Asia,Basic,1716.51,3,3,0.0174
2025-03-03,US-East,Enterprise,43337.28,7,8,0.0217
2025-03-03,US-East,Pro,12901.55,10,3,0.031
2025-03-03,US-East,Basic,4651.19,13,6,0.0334
2025-03-03,US-West,Enterprise,38881.13,10,4,0.032
2025-03-03,US-West,Pro,13240.5,9,7,0.0285
2025-03-03,US-West,Basic,3778.14,10,6,0.03
2025-03-03,Europe,Enterprise,34255.75,6,3,0.0327
2025-03-03,Europe,Pro,10644.96,6,7,0.033
2025-03-03,Europe,Basic,3547.13,9,5,0.0334
2025-03-03,Asia,Enterprise,24287.61,5,1,0.0268
2025-03-03,Asia,Pro,8840.62,7,4,0.0305
2025-03-03,Asia,Basic,2580.83,3,4,0.0388
2025-03-04,US-East,Enterprise,46741.61,9,3,0.025
2025-03-04,US-East,Pro,14009.53,11,5,0.0309
2025-03-04,US-East,Basic,4337.37,7,9,0.0324
2025-03-04,US-West,Enterprise,37023.85,11,9,0.031
2025-03-04,US-West,Pro,12228.87,5,1,0.0202
2025-03-04,US-West,Basic,3755.43,4,4,0.0279
2025-03-04,Europe,Enterprise,32918.7,6,5,0.0286
2025-03-04,Europe,Pro,11292.84,6,8,0.0305
2025-03-04,Europe,Basic,3472.07,9,7,0.0302
2025-03-04,Asia,Enterprise,28297.15,4,5,0.0419
2025-03-04,Asia,Pro,8429.34,2,9,0.0377
2025-03-04,Asia,Basic,2774.79,7,2,0.0307
2025-03-05,US-East,Enterprise,43923.58,8,7,0.032
2025-03-05,US-East,Pro,13869.8,10,3,0.0294
2025-03-05,US-East,Basic,4728.5,9,4,0.0255
2025-03-05,US-West,Enterprise,40884.48,12,6,0.0257
2025-03-05,US-West,Pro,10752.68,6,6,0.0377
2025-03-05,US-West,Basic,3731.11,9,6,0.0375
2025-03-05,Europe,Enterprise,32247.74,3,4,0.0276
2025-03-05,Europe,Pro,10252.66,6,4,0.0334
2025-03-05,Europe,Basic,3363.24,3,2,0.0261
2025-03-05,Asia,Enterprise,26210.3,6,2,0.0322
2025-03-05,Asia,Pro,7611.66,4,7,0.0282
2025-03-05,Asia,Basic,2974.78,7,3,0.0204
2025-03-06,US-East,Enterprise,50957.03,8,6,0.0321
2025-03-06,US-East,Pro,14550.72,9,1,0.0364
2025-03-06,US-East,Basic,4830.97,7,6,0.0226
2025-03-06,US-West,Enterprise,40945.4,5,2,0.0231
2025-03-06,US-West,Pro,13025.34,12,4,0.0408
2025-03-06,US-West,Basic,3532.83,6,5,0.0328
2025-03-06,Europe,Enterprise,33575.25,1,7,0.0277
2025-03-06,Europe,Pro,10973.53,9,3,0.0299
2025-03-06,Europe,Basic,3573.15,4,3,0.0257
2025-03-06,Asia,Enterprise,28270.08,6,8,0.0278
2025-03-06,Asia,Pro,9337.05,6,6,0.0317
2025-03-06,Asia,Basic,2613.8,5,4,0.0307
2025-03-07,US-East,Enterprise,46153.74,11,5,0.0295
2025-03-07,US-East,Pro,13049.26,7,4,0.0304
2025-03-07,US-East,Basic,4359.47,9,8,0.0248
2025-03-07,US-West,Enterprise,40453.09,10,8,0.0284
2025-03-07,US-West,Pro,11215.79,6,5,0.0306
2025-03-07,US-West,Basic,4060.78,10,5,0.0265
2025-03-07,Europe,Enterprise,35679.79,4,9,0.036
2025-03-07,Europe,Pro,10168.52,7,6,0.0223
2025-03-07,Europe,Basic,3568.03,6,4,0.0278
2025-03-07,Asia,Enterprise,30084.74,6,3,0.0271
2025-03-07,Asia,Pro,8680.16,7,6,0.0196
2025-03-07,Asia,Basic,2726.65,9,8,0.0223
2025-03-08,US-East,Enterprise,24946.07,4,2,0.0356
2025-03-08,US-East,Pro,8835.06,5,6,0.0355
2025-03-08,US-East,Basic,2942.62,6,5,0.0385
2025-03-08,US-West,Enterprise,23490.39,4,6,0.0378
2025-03-08,US-West,Pro,7101.18,2,4,0.0337
2025-03-08,US-West,Basic,2270.25,5,5,0.0304
2025-03-08,Europe,Enterprise,20087.79,3,4,0.0325
2025-03-08,Europe,Pro,6158.0,1,6,0.0259
2025-03-08,Europe,Basic,1929.34,1,6,0.0307
2025-03-08,Asia,Enterprise,16340.65,1,6,0.0286
2025-03-08,Asia,Pro,4873.92,2,6,0.0225
2025-03-08,Asia,Basic,1577.75,1,3,0.035
2025-03-09,US-East,Enterprise,27547.87,6,3,0.0258
2025-03-09,US-East,Pro,8133.22,6,2,0.0267
2025-03-09,US-East,Basic,3175.6,6,5,0.0286
2025-03-09,US-West,Enterprise,24503.96,1,4,0.0338
2025-03-09,US-West,Pro,7226.81,7,5,0.035
2025-03-09,US-West,Basic,2500.99,4,8,0.0282
2025-03-09,Europe,Enterprise,19514.5,7,6,0.0239
2025-03-09,Europe,Pro,6696.13,7,2,0.0344
2025-03-09,Europe,Basic,2145.09,9,4,0.0282
2025-03-09,Asia,Enterprise,17341.62,5,2,0.0314
2025-03-09,Asia,Pro,5126.01,3,5,0.0289
2025-03-09,Asia,Basic,1672.58,4,3,0.0328
2025-03-10,US-East,Enterprise,45234.47,8,5,0.0222
2025-03-10,US-East,Pro,15030.75,11,7,0.028
2025-03-10,US-East,Basic,4613.85,9,14,0.0293
2025-03-10,US-West,Enterprise,36885.4,11,5,0.0277
2025-03-10,US-West,Pro,11998.44,4,3,0.0287
2025-03-10,US-West,Basic,3644.59,10,5,0.0305
2025-03-10,Europe,Enterprise,37408.34,6,5,0.0236
2025-03-10,Europe,Pro,10484.78,8,5,0.0321
2025-03-10,Europe,Basic,3347.59,7,13,0.0181
2025-03-10,Asia,Enterprise,28146.48,6,3,0.0298
2025-03-10,Asia,Pro,8519.58,8,5,0.028
2025-03-10,Asia,Basic,2681.52,3,5,0.028
2025-03-11,US-East,Enterprise,45699.0,9,6,0.0331
2025-03-11,US-East,Pro,15253.52,11,6,0.0354
2025-03-11,US-East,Basic,4636.53,9,9,0.0264
2025-03-11,US-West,Enterprise,37799.98,5,6,0.0289
2025-03-11,US-West,Pro,11974.78,7,6,0.0284
2025-03-11,US-West,Basic,4016.22,9,6,0.0297
2025-03-11,Europe,Enterprise,33024.71,4,3,0.0339
2025-03-11,Europe,Pro,10584.52,5,9,0.0271
2025-03-11,Europe,Basic,3294.11,6,3,0.0334
2025-03-11,Asia,Enterprise,29471.4,7,4,0.0312
2025-03-11,Asia,Pro,8832.39,5,9,0.0248
2025-03-11,Asia,Basic,3047.01,9,6,0.0256
2025-03-12,US-East,Enterprise,46693.86,11,8,0.0252
2025-03-12,US-East,Pro,14399.88,8,9,0.0291
2025-03-12,US-East,Basic,4870.5,9,9,0.0189
2025-03-12,US-West,Enterprise,37446.33,5,9,0.0341
2025-03-12,US-West,Pro,12647.76,8,3,0.0349
2025-03-12,US-West,Basic,3751.8,5,3,0.0334
2025-03-12,Europe,Enterprise,34739.22,9,7,0.0257
2025-03-12,Europe,Pro,10460.54,5,4,0.0335
2025-03-12,Europe,Basic,3805.97,2,4,0.03
2025-03-12,Asia,Enterprise,27309.37,9,6,0.0392
2025-03-12,Asia,Pro,8057.95,4,3,0.0276
2025-03-12,Asia,Basic,2872.02,2,3,0.0353
2025-03-13,US-East,Enterprise,46245.9,6,2,0.0422
2025-03-13,US-East,Pro,14393.09,9,7,0.0324
2025-03-13,US-East,Basic,4700.32,12,8,0.0335
2025-03-13,US-West,Enterprise,40608.66,4,6,0.0298
2025-03-13,US-West,Pro,11165.95,5,6,0.0385
2025-03-13,US-West,Basic,4299.16,5,3,0.0205
2025-03-13,Europe,Enterprise,35619.27,5,5,0.0246
2025-03-13,Europe,Pro,10225.52,6,7,0.03
2025-03-13,Europe,Basic,3428.31,5,6,0.0266
2025-03-13,Asia,Enterprise,29809.12,8,7,0.0236
2025-03-13,Asia,Pro,8633.84,4,4,0.0379
2025-03-13,Asia,Basic,2797.2,5,6,0.0215
2025-03-14,US-East,Enterprise,46103.06,6,8,0.035
2025-03-14,US-East,Pro,13193.46,6,6,0.022
2025-03-14,US-East,Basic,5339.78,10,6,0.0312
2025-03-14,US-West,Enterprise,40295.14,6,3,0.0397
2025-03-14,US-West,Pro,11902.02,11,2,0.0396
2025-03-14,US-West,Basic,4237.88,11,4,0.0301
2025-03-14,Europe,Enterprise,38762.3,9,4,0.0286
2025-03-14,Europe,Pro,10244.87,4,3,0.0272
2025-03-14,Europe,Basic,3637.54,9,7,0.0339
2025-03-14,Asia,Enterprise,25756.43,6,12,0.0288
2025-03-14,Asia,Pro,9432.24,1,4,0.0357
2025-03-14,Asia,Basic,2883.37,6,5,0.0244
2025-03-15,US-East,Enterprise,10177.57,3,20,0.0186
2025-03-15,US-East,Pro,8177.46,6,6,0.0279
2025-03-15,US-East,Basic,2566.04,6,8,0.0398
2025-03-15,US-West,Enterprise,24941.24,8,3,0.033
2025-03-15,US-West,Pro,7094.87,4,8,0.0287
2025-03-15,US-West,Basic,2414.73,2,6,0.0374
2025-03-15,Europe,Enterprise,21423.08,1,6,0.04
2025-03-15,Europe,Pro,6069.37,1,5,0.0249
2025-03-15,Europe,Basic,1993.79,5,6,0.0366
2025-03-15,Asia,Enterprise,16213.52,5,6,0.0278
2025-03-15,Asia,Pro,5030.17,1,4,0.031
2025-03-15,Asia,Basic,1813.57,3,5,0.0291
2025-03-16,US-East,Enterprise,27716.34,8,4,0.0277
2025-03-16,US-East,Pro,9194.4,1,7,0.0315
2025-03-16,US-East,Basic,2736.11,7,5,0.0299
2025-03-16,US-West,Enterprise,23252.17,4,5,0.0395
2025-03-16,US-West,Pro,7027.59,6,4,0.0336
2025-03-16,US-West,Basic,2307.13,4,12,0.0334
2025-03-16,Europe,Enterprise,21254.61,5,9,0.0289
2025-03-16,Europe,Pro,5758.08,1,6,0.0385
2025-03-16,Europe,Basic,2253.24,1,4,0.0382
2025-03-16,Asia,Enterprise,18001.99,5,8,0.029
2025-03-16,Asia,Pro,5300.54,2,1,0.0257
2025-03-16,Asia,Basic,1653.14,4,1,0.0269
2025-03-17,US-East,Enterprise,43048.71,5,5,0.0336
2025-03-17,US-East,Pro,15583.66,10,10,0.0332
2025-03-17,US-East,Basic,4683.98,9,5,0.0344
2025-03-17,US-West,Enterprise,45380.84,10,8,0.0286
2025-03-17,US-West,Pro,11670.93,10,1,0.0398
2025-03-17,US-West,Basic,4039.21,10,8,0.0247
2025-03-17,Europe,Enterprise,33343.28,8,5,0.0293
2025-03-17,Europe,Pro,10137.99,10,4,0.0304
2025-03-17,Europe,Basic,3490.6,5,6,0.0279
2025-03-17,Asia,Enterprise,28620.1,5,8,0.0261
2025-03-17,Asia,Pro,9831.54,8,9,0.0301
2025-03-17,Asia,Basic,3029.73,4,4,0.0321
2025-03-18,US-East,Enterprise,50945.03,8,6,0.0315
2025-03-18,US-East,Pro,14168.63,7,8,0.0397
2025-03-18,US-East,Basic,4590.37,12,9,0.0319
2025-03-18,US-West,Enterprise,42443.73,10,4,0.0283
2025-03-18,US-West,Pro,12451.63,9,6,0.0328
2025-03-18,US-West,Basic,4182.24,11,3,0.032
2025-03-18,Europe,Enterprise,37298.08,5,3,0.0334
2025-03-18,Europe,Pro,9828.74,7,9,0.0188
2025-03-18,Europe,Basic,3422.9,1,2,0.021
2025-03-18,Asia,Enterprise,29442.18,5,4,0.0241
2025-03-18,Asia,Pro,9100.24,7,3,0.031
2025-03-18,Asia,Basic,2620.97,6,10,0.0302
2025-03-19,US-East,Enterprise,45399.62,11,4,0.0259
2025-03-19,US-East,Pro,14771.29,9,5,0.0281
2025-03-19,US-East,Basic,4665.58,5,4,0.0347
2025-03-19,US-West,Enterprise,40133.13,5,4,0.0364
2025-03-19,US-West,Pro,12243.23,9,10,0.0283
2025-03-19,US-West,Basic,3947.8,10,3,0.0323
2025-03-19,Europe,Enterprise,35486.38,5,3,0.0274
2025-03-19,Europe,Pro,11934.56,2,8,0.0291
2025-03-19,Europe,Basic,3320.82,8,4,0.0241
2025-03-19,Asia,Enterprise,29443.35,9,6,0.0288
2025-03-19,Asia,Pro,9052.66,5,5,0.0286
2025-03-19,Asia,Basic,3041.29,10,4,0.0255
2025-03-20,US-East,Enterprise,47079.7,5,3,0.033
2025-03-20,US-East,Pro,14406.5,11,7,0.0367
2025-03-20,US-East,Basic,4894.08,13,7,0.0223
2025-03-20,US-West,Enterprise,38592.1,9,3,0.0344
2025-03-20,US-West,Pro,12050.14,5,6,0.0298
2025-03-20,US-West,Basic,3607.86,4,3,0.0263
2025-03-20,Europe,Enterprise,36313.32,6,8,0.032
2025-03-20,Europe,Pro,10918.38,5,4,0.033
2025-03-20,Europe,Basic,3780.53,4,3,0.0268
2025-03-20,Asia,Enterprise,29328.84,3,2,0.0348
2025-03-20,Asia,Pro,8498.62,5,4,0.0355
2025-03-20,Asia,Basic,2983.7,10,3,0.0342
2025-03-21,US-East,Enterprise,48549.71,6,7,0.0336
2025-03-21,US-East,Pro,13784.23,8,6,0.0374
2025-03-21,US-East,Basic,4329.33,8,4,0.0212
2025-03-21,US-West,Enterprise,40209.22,6,9,0.0224
2025-03-21,US-West,Pro,12664.76,9,5,0.0197
2025-03-21,US-West,Basic,3964.38,5,5,0.0312
2025-03-21,Europe,Enterprise,34818.96,5,8,0.0288
2025-03-21,Europe,Pro,10758.07,7,5,0.027
2025-03-21,Europe,Basic,3808.34,4,1,0.0322
2025-03-21,Asia,Enterprise,30204.6,7,4,0.0244
2025-03-21,Asia,Pro,8682.88,3,5,0.0338
2025-03-21,Asia,Basic,2916.6,6,6,0.0239
2025-03-22,US-East,Enterprise,28824.05,8,10,0.0301
2025-03-22,US-East,Pro,8076.17,4,8,0.0301
2025-03-22,US-East,Basic,2963.49,4,8,0.034
2025-03-22,US-West,Enterprise,26731.13,1,7,0.0268
2025-03-22,US-West,Pro,7984.41,5,6,0.0285
2025-03-22,US-West,Basic,2526.18,6,7,0.033
2025-03-22,Europe,Enterprise,21923.34,9,6,0.0205
2025-03-22,Europe,Pro,6766.84,4,4,0.029
2025-03-22,Europe,Basic,2034.41,3,5,0.026
2025-03-22,Asia,Enterprise,17611.86,3,6,0.0272
2025-03-22,Asia,Pro,5422.04,4,4,0.033
2025-03-22,Asia,Basic,1818.88,2,4,0.0314
2025-03-23,US-East,Enterprise,27694.23,4,4,0.0332
2025-03-23,US-East,Pro,8634.62,6,4,0.0259
2025-03-23,US-East,Basic,2672.42,4,9,0.0289
2025-03-23,US-West,Enterprise,24403.11,4,5,0.0251
2025-03-23,US-West,Pro,6969.8,6,5,0.0249
2025-03-23,US-West,Basic,2675.3,3,7,0.0274
2025-03-23,Europe,Enterprise,21345.56,10,5,0.0296
2025-03-23,Europe,Pro,6338.61,4,10,0.0232
2025-03-23,Europe,Basic,1976.47,2,7,0.0226
2025-03-23,Asia,Enterprise,16520.93,4,6,0.0241
2025-03-23,Asia,Pro,5331.83,3,2,0.0286
2025-03-23,Asia,Basic,1710.56,2,4,0.0323
2025-03-24,US-East,Enterprise,49528.03,11,6,0.0316
2025-03-24,US-East,Pro,13552.69,10,1,0.0367
2025-03-24,US-East,Basic,4837.18,12,8,0.0304
2025-03-24,US-West,Enterprise,40457.21,6,11,0.0279
2025-03-24,US-West,Pro,12030.11,7,6,0.0268
2025-03-24,US-West,Basic,4487.34,7,6,0.0337
2025-03-24,Europe,Enterprise,34870.76,8,7,0.0199
2025-03-24,Europe,Pro,11052.45,6,3,0.0263
2025-03-24,Europe,Basic,3513.72,7,4,0.036
2025-03-24,Asia,Enterprise,29243.2,9,4,0.0345
2025-03-24,Asia,Pro,9165.03,9,5,0.0334
2025-03-24,Asia,Basic,3025.7,8,4,0.0303
2025-03-25,US-East,Enterprise,48044.97,12,9,0.0209
2025-03-25,US-East,Pro,13992.38,3,4,0.0293
2025-03-25,US-East,Basic,5368.38,8,9,0.0317
2025-03-25,US-West,Enterprise,39634.78,7,6,0.0319
2025-03-25,US-West,Pro,11812.53,5,4,0.0311
2025-03-25,US-West,Basic,4175.09,6,7,0.0283
2025-03-25,Europe,Enterprise,40051.06,8,6,0.0318
2025-03-25,Europe,Pro,11753.05,6,6,0.0357
2025-03-25,Europe,Basic,3793.95,7,3,0.0312
2025-03-25,Asia,Enterprise,28543.65,8,5,0.0361
2025-03-25,Asia,Pro,7859.34,3,7,0.0204
2025-03-25,Asia,Basic,2720.46,6,4,0.029
2025-03-26,US-East,Enterprise,46648.53,10,2,0.0291
2025-03-26,US-East,Pro,16234.65,9,10,0.0293
2025-03-26,US-East,Basic,4983.12,13,7,0.0268
2025-03-26,US-West,Enterprise,40236.03,5,6,0.0277
2025-03-26,US-West,Pro,12099.34,9,5,0.0328
2025-03-26,US-West,Basic,4235.54,7,8,0.016
2025-03-26,Europe,Enterprise,35853.87,9,6,0.0358
2025-03-26,Europe,Pro,10815.23,9,8,0.0217
2025-03-26,Europe,Basic,3788.24,8,6,0.0405
2025-03-26,Asia,Enterprise,30364.76,4,6,0.0303
2025-03-26,Asia,Pro,8669.05,4,5,0.0331
2025-03-26,Asia,Basic,3043.0,4,6,0.0251
2025-03-27,US-East,Enterprise,54655.53,8,7,0.0311
2025-03-27,US-East,Pro,14295.09,11,9,0.0297
2025-03-27,US-East,Basic,4745.81,12,11,0.0336
2025-03-27,US-West,Enterprise,49036.84,10,7,0.0301
2025-03-27,US-West,Pro,12789.3,9,4,0.0189
2025-03-27,US-West,Basic,4150.56,9,4,0.0247
2025-03-27,Europe,Enterprise,37300.95,8,2,0.0273
2025-03-27,Europe,Pro,10879.63,5,3,0.0319
2025-03-27,Europe,Basic,3538.57,9,6,0.0204
2025-03-27,Asia,Enterprise,30504.24,10,11,0.0261
2025-03-27,Asia,Pro,8933.16,4,4,0.0312
2025-03-27,Asia,Basic,2832.83,7,7,0.0338
2025-03-28,US-East,Enterprise,53956.23,14,6,0.0339
2025-03-28,US-East,Pro,15187.59,11,11,0.0294
2025-03-28,US-East,Basic,4944.74,10,6,0.0329
2025-03-28,US-West,Enterprise,44761.78,5,6,0.0272
2025-03-28,US-West,Pro,13007.39,6,9,0.0242
2025-03-28,US-West,Basic,3869.5,9,4,0.0301
2025-03-28,Europe,Enterprise,38615.29,8,8,0.0229
2025-03-28,Europe,Pro,10370.46,6,8,0.0328
2025-03-28,Europe,Basic,3754.68,9,7,0.0293
2025-03-28,Asia,Enterprise,31184.31,4,0,0.0313
2025-03-28,Asia,Pro,9270.96,4,3,0.0322
2025-03-28,Asia,Basic,3017.22,3,6,0.0322
2025-03-29,US-East,Enterprise,28651.86,5,5,0.0308
2025-03-29,US-East,Pro,9025.17,5,4,0.0326
2025-03-29,US-East,Basic,3242.99,8,8,0.0256
2025-03-29,US-West,Enterprise,24533.27,2,6,0.0337
2025-03-29,US-West,Pro,7066.48,7,7,0.0277
2025-03-29,US-West,Basic,2478.64,3,6,0.0336
2025-03-29,Europe,Enterprise,24482.06,2,5,0.0363
2025-03-29,Europe,Pro,6378.05,4,8,0.0272
2025-03-29,Europe,Basic,2168.36,7,2,0.0352
2025-03-29,Asia,Enterprise,17126.92,2,6,0.033
2025-03-29,Asia,Pro,5670.93,2,4,0.0213
2025-03-29,Asia,Basic,1693.28,2,5,0.0311
2025-03-30,US-East,Enterprise,28578.33,2,10,0.0288
2025-03-30,US-East,Pro,7718.19,5,5,0.0263
2025-03-30,US-East,Basic,2942.33,4,10,0.0346
2025-03-30,US-West,Enterprise,25677.12,1,6,0.0301
2025-03-30,US-West,Pro,7832.58,5,3,0.0308
2025-03-30,US-West,Basic,2748.89,4,7,0.0291
2025-03-30,Europe,Enterprise,22219.63,5,5,0.0342
2025-03-30,Europe,Pro,6534.5,6,2,0.0221
2025-03-30,Europe,Basic,2199.18,2,9,0.0311
2025-03-30,Asia,Enterprise,17788.42,3,5,0.0251
2025-03-30,Asia,Pro,5168.84,4,8,0.0302
2025-03-30,Asia,Basic,1776.5,1,3,0.0354
2025-03-31,US-East,Enterprise,48199.64,11,8,0.019
2025-03-31,US-East,Pro,14834.58,10,8,0.0244
2025-03-31,US-East,Basic,4925.1,13,7,0.0357
2025-03-31,US-West,Enterprise,45206.62,11,8,0.0317
2025-03-31,US-West,Pro,11674.36,9,7,0.0326
2025-03-31,US-West,Basic,4292.87,9,6,0.0294
2025-03-31,Europe,Enterprise,39884.37,7,2,0.038
2025-03-31,Europe,Pro,10919.4,4,8,0.0332
2025-03-31,Europe,Basic,3486.18,3,1,0.0319
2025-03-31,Asia,Enterprise,28678.86,7,7,0.0216
2025-03-31,Asia,Pro,9053.11,1,4,0.0315
2025-03-31,Asia,Basic,2717.93,2,7,0.0268
2025-04-01,US-East,Enterprise,50501.06,11,6,0.0357
2025-04-01,US-East,Pro,14255.63,10,8,0.0339
2025-04-01,US-East,Basic,5260.9,7,3,0.0351
2025-04-01,US-West,Enterprise,43046.04,8,6,0.0339
2025-04-01,US-West,Pro,13290.28,9,8,0.0331
2025-04-01,US-West,Basic,4200.86,9,3,0.0264
2025-04-01,Europe,Enterprise,37748.07,6,7,0.0259
2025-04-01,Europe,Pro,10637.54,8,3,0.0332
2025-04-01,Europe,Basic,3599.81,7,9,0.0324
2025-04-01,Asia,Enterprise,30505.87,6,7,0.0367
2025-04-01,Asia,Pro,9264.16,3,4,0.0375
2025-04-01,Asia,Basic,2774.77,6,4,0.0312
2025-04-02,US-East,Enterprise,51439.74,8,4,0.0261
2025-04-02,US-East,Pro,16502.35,9,10,0.0295
2025-04-02,US-East,Basic,5104.4,8,6,0.0296
2025-04-02,US-West,Enterprise,42980.4,6,11,0.0285
2025-04-02,US-West,Pro,13368.55,8,7,0.0266
2025-04-02,US-West,Basic,4180.86,8,3,0.0257
2025-04-02,Europe,Enterprise,40040.92,8,4,0.0289
2025-04-02,Europe,Pro,11487.19,7,6,0.0322
2025-04-02,Europe,Basic,3771.37,6,4,0.025
2025-04-02,Asia,Enterprise,30398.08,5,8,0.0309
2025-04-02,Asia,Pro,9121.58,7,4,0.0251
2025-04-02,Asia,Basic,2998.42,5,5,0.0309
2025-04-03,US-East,Enterprise,49803.31,12,7,0.0313
2025-04-03,US-East,Pro,14981.74,11,7,0.0223
2025-04-03,US-East,Basic,4885.16,12,9,0.0295
2025-04-03,US-West,Enterprise,44713.04,8,6,0.0383
2025-04-03,US-West,Pro,12490.91,8,4,0.0358
2025-04-03,US-West,Basic,4634.91,7,7,0.034
2025-04-03,Europe,Enterprise,38465.21,9,4,0.0263
2025-04-03,Europe,Pro,11285.17,7,9,0.0256
2025-04-03,Europe,Basic,3640.83,6,2,0.0324
2025-04-03,Asia,Enterprise,28521.78,5,9,0.032
2025-04-03,Asia,Pro,9674.08,6,4,0.0287
2025-04-03,Asia,Basic,3041.45,6,5,0.0298
2025-04-04,US-East,Enterprise,51225.21,8,3,0.0248
2025-04-04,US-East,Pro,15714.57,13,8,0.0271
2025-04-04,US-East,Basic,4983.7,7,8,0.0267
2025-04-04,US-West,Enterprise,43232.6,5,8,0.0266
2025-04-04,US-West,Pro,12109.29,5,5,0.025
2025-04-04,US-West,Basic,4234.55,9,2,0.0322
2025-04-04,Europe,Enterprise,38242.58,6,6,0.0353
2025-04-04,Europe,Pro,11220.32,7,7,0.0346
2025-04-04,Europe,Basic,3931.17,7,10,0.0286
2025-04-04,Asia,Enterprise,32112.25,7,3,0.0281
2025-04-04,Asia,Pro,8692.39,5,4,0.0274
2025-04-04,Asia,Basic,3104.67,7,8,0.0312
2025-04-05,US-East,Enterprise,30052.73,9,7,0.0242
2025-04-05,US-East,Pro,9872.26,5,3,0.036
2025-04-05,US-East,Basic,3174.66,5,3,0.0267
2025-04-05,US-West,Enterprise,27319.88,5,2,0.0244
2025-04-05,US-West,Pro,7746.82,8,10,0.0309
2025-04-05,US-West,Basic,2589.32,4,4,0.0364
2025-04-05,Europe,Enterprise,24091.32,1,6,0.0339
2025-04-05,Europe,Pro,6717.21,5,4,0.0333
2025-04-05,Europe,Basic,2185.68,3,3,0.0347
2025-04-05,Asia,Enterprise,16909.01,1,3,0.0309
2025-04-05,Asia,Pro,5478.35,4,4,0.0373
2025-04-05,Asia,Basic,1865.89,3,5,0.0312
2025-04-06,US-East,Enterprise,29119.44,5,8,0.026
2025-04-06,US-East,Pro,9955.89,5,4,0.0234
2025-04-06,US-East,Basic,3058.77,8,5,0.0315
2025-04-06,US-West,Enterprise,25267.16,3,7,0.025
2025-04-06,US-West,Pro,7100.75,3,3,0.0304
2025-04-06,US-West,Basic,2471.44,5,8,0.0333
2025-04-06,Europe,Enterprise,21164.78,5,3,0.0262
2025-04-06,Europe,Pro,6644.62,4,11,0.0247
2025-04-06,Europe,Basic,2420.19,4,4,0.0232
2025-04-06,Asia,Enterprise,17032.11,4,1,0.0271
2025-04-06,Asia,Pro,5377.48,2,7,0.0329
2025-04-06,Asia,Basic,1885.1,1,3,0.0236
2025-04-07,US-East,Enterprise,52770.5,11,5,0.0346
2025-04-07,US-East,Pro,15533.39,9,8,0.0348
2025-04-07,US-East,Basic,5289.26,12,5,0.0371
2025-04-07,US-West,Enterprise,46598.26,9,10,0.0307
2025-04-07,US-West,Pro,12865.03,7,4,0.03
2025-04-07,US-West,Basic,4119.89,5,4,0.025
2025-04-07,Europe,Enterprise,41640.06,6,4,0.0308
2025-04-07,Europe,Pro,11924.73,9,6,0.0276
2025-04-07,Europe,Basic,3834.67,6,4,0.024
2025-04-07,Asia,Enterprise,30066.01,5,3,0.0368
2025-04-07,Asia,Pro,9473.83,5,7,0.0305
2025-04-07,Asia,Basic,3033.74,6,10,0.0314
2025-04-08,US-East,Enterprise,50684.08,9,5,0.0292
2025-04-08,US-East,Pro,16269.65,10,2,0.0342
2025-04-08,US-East,Basic,4887.57,9,6,0.0319
2025-04-08,US-West,Enterprise,43303.46,10,7,0.0234
2025-04-08,US-West,Pro,13593.18,8,5,0.0292
2025-04-08,US-West,Basic,4215.47,10,6,0.0312
2025-04-08,Europe,Enterprise,34432.29,6,8,0.035
2025-04-08,Europe,Pro,11319.57,10,5,0.0282
2025-04-08,Europe,Basic,4079.6,5,9,0.0329
2025-04-08,Asia,Enterprise,31129.51,2,7,0.0261
2025-04-08,Asia,Pro,9152.18,6,4,0.029
2025-04-08,Asia,Basic,3020.0,8,5,0.0399
2025-04-09,US-East,Enterprise,48479.0,10,8,0.0323
2025-04-09,US-East,Pro,15931.7,9,6,0.0214
2025-04-09,US-East,Basic,5517.33,10,11,0.0226
2025-04-09,US-West,Enterprise,45419.4,7,4,0.0283
2025-04-09,US-West,Pro,13346.04,11,5,0.0278
2025-04-09,US-West,Basic,4038.46,5,3,0.0298
2025-04-09,Europe,Enterprise,38302.0,6,5,0.035
2025-04-09,Europe,Pro,11781.62,8,5,0.0379
2025-04-09,Europe,Basic,3834.47,7,6,0.031
2025-04-09,Asia,Enterprise,30338.84,7,7,0.0376
2025-04-09,Asia,Pro,9068.84,6,6,0.0209
2025-04-09,Asia,Basic,3247.57,7,8,0.0233
2025-04-10,US-East,Enterprise,51536.58,7,5,0.0313
2025-04-10,US-East,Pro,15563.29,9,7,0.0285
2025-04-10,US-East,Basic,5461.77,12,11,0.027
2025-04-10,US-West,Enterprise,46756.59,9,6,0.0281
2025-04-10,US-West,Pro,14145.26,8,7,0.0338
2025-04-10,US-West,Basic,4563.31,8,2,0.0288
2025-04-10,Europe,Enterprise,38749.53,8,5,0.0306
2025-04-10,Europe,Pro,11993.18,10,8,0.0226
2025-04-10,Europe,Basic,4097.89,5,3,0.0297
2025-04-10,Asia,Enterprise,31723.27,3,9,0.0319
2025-04-10,Asia,Pro,9988.31,6,5,0.028
2025-04-10,Asia,Basic,3159.34,7,7,0.0245
2025-04-11,US-East,Enterprise,55832.94,10,4,0.0277
2025-04-11,US-East,Pro,16379.27,12,4,0.0275
2025-04-11,US-East,Basic,5248.12,14,8,0.032
2025-04-11,US-West,Enterprise,44465.65,10,7,0.0318
2025-04-11,US-West,Pro,12194.75,6,2,0.0287
2025-04-11,US-West,Basic,4488.63,11,8,0.0319
2025-04-11,Europe,Enterprise,40512.09,5,6,0.0249
2025-04-11,Europe,Pro,11361.22,8,4,0.0275
2025-04-11,Europe,Basic,3913.41,7,4,0.0271
2025-04-11,Asia,Enterprise,32546.14,5,7,0.0273
2025-04-11,Asia,Pro,8976.86,4,6,0.0245
2025-04-11,Asia,Basic,3320.65,5,4,0.0237
2025-04-12,US-East,Enterprise,31357.46,5,3,0.033
2025-04-12,US-East,Pro,9635.92,5,4,0.0245
2025-04-12,US-East,Basic,3217.6,7,2,0.024
2025-04-12,US-West,Enterprise,28536.03,4,8,0.0341
2025-04-12,US-West,Pro,7522.04,8,2,0.0274
2025-04-12,US-West,Basic,2585.85,4,5,0.0308
2025-04-12,Europe,Enterprise,24157.74,4,3,0.0355
2025-04-12,Europe,Pro,7512.03,4,6,0.0357
2025-04-12,Europe,Basic,2367.87,6,7,0.0249
2025-04-12,Asia,Enterprise,18950.99,1,3,0.0352
2025-04-12,Asia,Pro,5814.97,4,7,0.0237
2025-04-12,Asia,Basic,1694.78,2,7,0.039
2025-04-13,US-East,Enterprise,32691.01,6,4,0.0324
2025-04-13,US-East,Pro,9279.66,4,6,0.0312
2025-04-13,US-East,Basic,2965.42,4,5,0.0303
2025-04-13,US-West,Enterprise,25661.88,3,10,0.0335
2025-04-13,US-West,Pro,8246.89,3,5,0.0339
2025-04-13,US-West,Basic,2546.94,5,9,0.0289
2025-04-13,Europe,Enterprise,23702.81,3,3,0.0339
2025-04-13,Europe,Pro,7345.16,6,6,0.0254
2025-04-13,Europe,Basic,2265.88,8,9,0.0215
2025-04-13,Asia,Enterprise,18720.78,5,5,0.0347
2025-04-13,Asia,Pro,5553.85,3,4,0.0343
2025-04-13,Asia,Basic,1973.69,4,9,0.0266
2025-04-14,US-East,Enterprise,55255.82,8,4,0.0307
2025-04-14,US-East,Pro,15903.43,12,4,0.0389
2025-04-14,US-East,Basic,5053.32,11,2,0.0349
2025-04-14,US-West,Enterprise,45551.11,10,5,0.0284
2025-04-14,US-West,Pro,13541.4,12,7,0.0177
2025-04-14,US-West,Basic,4234.51,8,6,0.038
2025-04-14,Europe,Enterprise,39228.88,8,8,0.0265
2025-04-14,Europe,Pro,12885.68,7,5,0.0304
2025-04-14,Europe,Basic,4420.75,7,3,0.0324
2025-04-14,Asia,Enterprise,27153.42,5,5,0.0243
2025-04-14,Asia,Pro,9026.27,5,4,0.0331
2025-04-14,Asia,Basic,3179.99,3,5,0.028
2025-04-15,US-East,Enterprise,53003.56,10,6,0.0245
2025-04-15,US-East,Pro,15275.21,11,8,0.0361
2025-04-15,US-East,Basic,5341.2,8,8,0.0229
2025-04-15,US-West,Enterprise,45170.8,10,4,0.0331
2025-04-15,US-West,Pro,13563.01,8,6,0.0354
2025-04-15,US-West,Basic,4463.06,8,9,0.0328
2025-04-15,Europe,Enterprise,39413.95,10,5,0.0333
2025-04-15,Europe,Pro,11758.25,4,9,0.0252
2025-04-15,Europe,Basic,3810.91,7,4,0.0259
2025-04-15,Asia,Enterprise,32935.96,7,6,0.0203
2025-04-15,Asia,Pro,10256.94,5,4,0.0279
2025-04-15,Asia,Basic,2917.11,7,7,0.0371
2025-04-16,US-East,Enterprise,50585.19,11,6,0.0278
2025-04-16,US-East,Pro,15789.88,10,4,0.0345
2025-04-16,US-East,Basic,5182.75,12,2,0.0293
2025-04-16,US-West,Enterprise,45943.72,8,11,0.028
2025-04-16,US-West,Pro,13525.15,9,1,0.0271
2025-04-16,US-West,Basic,4312.86,6,2,0.023
2025-04-16,Europe,Enterprise,40383.18,12,10,0.0301
2025-04-16,Europe,Pro,12090.94,7,5,0.0336
2025-04-16,Europe,Basic,3841.91,9,9,0.0352
2025-04-16,Asia,Enterprise,31196.05,6,10,0.0234
2025-04-16,Asia,Pro,8891.98,5,5,0.0292
2025-04-16,Asia,Basic,3098.93,3,8,0.0291
2025-04-17,US-East,Enterprise,53257.97,7,5,0.0282
2025-04-17,US-East,Pro,15962.62,10,1,0.0263
2025-04-17,US-East,Basic,5353.34,8,6,0.026
2025-04-17,US-West,Enterprise,41641.21,8,5,0.0302
2025-04-17,US-West,Pro,12647.15,6,2,0.0417
2025-04-17,US-West,Basic,4708.71,7,3,0.0305
2025-04-17,Europe,Enterprise,43256.26,9,8,0.0255
2025-04-17,Europe,Pro,11860.3,7,8,0.0232
2025-04-17,Europe,Basic,4195.42,8,4,0.0446
2025-04-17,Asia,Enterprise,32490.61,6,7,0.0366
2025-04-17,Asia,Pro,8601.86,4,9,0.0271
2025-04-17,Asia,Basic,3224.84,8,4,0.0287
2025-04-18,US-East,Enterprise,52146.47,9,6,0.0388
2025-04-18,US-East,Pro,15814.84,6,3,0.0265
2025-04-18,US-East,Basic,5226.67,10,7,0.0291
2025-04-18,US-West,Enterprise,45528.02,7,8,0.0274
2025-04-18,US-West,Pro,12622.78,9,7,0.0246
2025-04-18,US-West,Basic,4354.91,7,10,0.0287
2025-04-18,Europe,Enterprise,37114.22,7,4,0.0308
2025-04-18,Europe,Pro,12512.67,6,5,0.0364
2025-04-18,Europe,Basic,4024.14,7,7,0.0219
2025-04-18,Asia,Enterprise,29898.33,8,7,0.0241
2025-04-18,Asia,Pro,9718.02,8,2,0.0248
2025-04-18,Asia,Basic,3044.77,3,6,0.0237
2025-04-19,US-East,Enterprise,31227.72,7,3,0.0364
2025-04-19,US-East,Pro,9892.65,5,5,0.0381
2025-04-19,US-East,Basic,3163.0,5,3,0.0246
2025-04-19,US-West,Enterprise,30939.72,5,6,0.0189
2025-04-19,US-West,Pro,7813.12,5,11,0.0264
2025-04-19,US-West,Basic,2670.96,5,10,0.0317
2025-04-19,Europe,Enterprise,24393.08,4,7,0.036
2025-04-19,Europe,Pro,7081.15,7,6,0.0264
2025-04-19,Europe,Basic,2217.69,5,3,0.0266
2025-04-19,Asia,Enterprise,20874.07,4,2,0.0338
2025-04-19,Asia,Pro,6311.2,4,4,0.0388
2025-04-19,Asia,Basic,1872.34,5,4,0.0291
2025-04-20,US-East,Enterprise,34273.81,7,6,0.0219
2025-04-20,US-East,Pro,10774.35,6,3,0.0311
2025-04-20,US-East,Basic,3231.78,8,7,0.0281
2025-04-20,US-West,Enterprise,24673.83,3,5,0.0232
2025-04-20,US-West,Pro,8069.58,6,6,0.0272
2025-04-20,US-West,Basic,2805.55,4,4,0.0364
2025-04-20,Europe,Enterprise,25433.21,1,7,0.0426
2025-04-20,Europe,Pro,7847.18,3,5,0.0353
2025-04-20,Europe,Basic,2309.76,6,2,0.0278
2025-04-20,Asia,Enterprise,17795.09,1,4,0.0245
2025-04-20,Asia,Pro,5727.41,1,2,0.0375
2025-04-20,Asia,Basic,1825.41,2,6,0.0227
2025-04-21,US-East,Enterprise,52714.46,10,4,0.0188
2025-04-21,US-East,Pro,15157.52,8,4,0.03
2025-04-21,US-East,Basic,5689.55,13,13,0.0274
2025-04-21,US-West,Enterprise,49834.54,14,5,0.0368
2025-04-21,US-West,Pro,14075.57,6,8,0.0287
2025-04-21,US-West,Basic,4437.53,8,9,0.0322
2025-04-21,Europe,Enterprise,40734.96,8,5,0.0264
2025-04-21,Europe,Pro,12182.07,7,7,0.0311
2025-04-21,Europe,Basic,3699.33,8,6,0.0314
2025-04-21,Asia,Enterprise,29825.76,4,4,0.0352
2025-04-21,Asia,Pro,9372.03,5,8,0.0281
2025-04-21,Asia,Basic,3313.98,7,6,0.0269
2025-04-22,US-East,Enterprise,53147.63,9,4,0.0277
2025-04-22,US-East,Pro,16481.36,10,5,0.0299
2025-04-22,US-East,Basic,5760.97,12,12,0.0233
2025-04-22,US-West,Enterprise,43621.45,7,5,0.0264
2025-04-22,US-West,Pro,14593.66,11,9,0.0283
2025-04-22,US-West,Basic,4625.61,6,3,0.0266
2025-04-22,Europe,Enterprise,38407.26,6,5,0.0273
2025-04-22,Europe,Pro,11660.86,7,4,0.0317
2025-04-22,Europe,Basic,3548.08,5,9,0.021
2025-04-22,Asia,Enterprise,32377.47,5,4,0.0241
2025-04-22,Asia,Pro,9785.28,4,4,0.0303
2025-04-22,Asia,Basic,3392.94,3,7,0.026
2025-04-23,US-East,Enterprise,57851.62,11,6,0.0317
2025-04-23,US-East,Pro,16264.84,4,5,0.0237
2025-04-23,US-East,Basic,5556.72,9,9,0.0338
2025-04-23,US-West,Enterprise,44432.01,11,5,0.0319
2025-04-23,US-West,Pro,14381.81,9,7,0.027
2025-04-23,US-West,Basic,4481.09,6,1,0.0312
2025-04-23,Europe,Enterprise,41049.36,10,6,0.028
2025-04-23,Europe,Pro,13029.04,7,4,0.0287
2025-04-23,Europe,Basic,4229.42,8,9,0.0328
2025-04-23,Asia,Enterprise,29690.22,7,10,0.0346
2025-04-23,Asia,Pro,9581.78,6,5,0.0268
2025-04-23,Asia,Basic,3173.24,3,7,0.0319
2025-04-24,US-East,Enterprise,54698.67,9,11,0.0315
2025-04-24,US-East,Pro,15929.82,8,4,0.0235
2025-04-24,US-East,Basic,5744.76,10,7,0.0267
2025-04-24,US-West,Enterprise,46360.22,8,3,0.0247
2025-04-24,US-West,Pro,12963.18,11,11,0.0325
2025-04-24,US-West,Basic,4666.98,9,6,0.0308
2025-04-24,Europe,Enterprise,42983.87,12,6,0.029
2025-04-24,Europe,Pro,11339.37,5,3,0.0348
2025-04-24,Europe,Basic,4140.34,8,11,0.0221
2025-04-24,Asia,Enterprise,33048.61,7,4,0.0358
2025-04-24,Asia,Pro,9751.77,6,6,0.0236
2025-04-24,Asia,Basic,3388.5,6,5,0.028
2025-04-25,US-East,Enterprise,55947.57,14,8,0.0321
2025-04-25,US-East,Pro,15427.45,9,6,0.035
2025-04-25,US-East,Basic,5319.22,10,7,0.035
2025-04-25,US-West,Enterprise,47308.88,11,2,0.0214
2025-04-25,US-West,Pro,14337.49,8,7,0.0299
2025-04-25,US-West,Basic,4438.55,10,10,0.0346
2025-04-25,Europe,Enterprise,41932.9,7,3,0.0296
2025-04-25,Europe,Pro,11176.06,9,3,0.0162
2025-04-25,Europe,Basic,4124.44,7,8,0.0377
2025-04-25,Asia,Enterprise,31861.19,5,9,0.0377
2025-04-25,Asia,Pro,9686.84,4,6,0.0285
2025-04-25,Asia,Basic,3351.16,1,3,0.03
2025-04-26,US-East,Enterprise,32518.44,3,8,0.0319
2025-04-26,US-East,Pro,10017.78,8,1,0.0262
2025-04-26,US-East,Basic,3375.76,7,1,0.026
2025-04-26,US-West,Enterprise,28372.61,4,4,0.0312
2025-04-26,US-West,Pro,8044.12,3,6,0.0303
2025-04-26,US-West,Basic,2743.35,5,5,0.0302
2025-04-26,Europe,Enterprise,23484.0,2,7,0.0236
2025-04-26,Europe,Pro,7219.35,2,3,0.0283
2025-04-26,Europe,Basic,2481.52,4,8,0.0319
2025-04-26,Asia,Enterprise,20233.43,4,6,0.038
2025-04-26,Asia,Pro,5377.68,5,7,0.0304
2025-04-26,Asia,Basic,2182.16,5,2,0.0302
2025-04-27,US-East,Enterprise,32561.35,5,3,0.0306
2025-04-27,US-East,Pro,9582.87,5,9,0.0367
2025-04-27,US-East,Basic,3277.66,7,5,0.0257
2025-04-27,US-West,Enterprise,27921.41,5,6,0.0332
2025-04-27,US-West,Pro,8140.66,7,9,0.0241
2025-04-27,US-West,Basic,2709.31,6,6,0.0274
2025-04-27,Europe,Enterprise,25258.84,4,6,0.0343
2025-04-27,Europe,Pro,7373.44,4,3,0.0302
2025-04-27,Europe,Basic,2396.09,5,4,0.0261
2025-04-27,Asia,Enterprise,21104.89,3,5,0.0377
2025-04-27,Asia,Pro,5873.92,2,7,0.0242
2025-04-27,Asia,Basic,1925.07,1,8,0.027
2025-04-28,US-East,Enterprise,57578.97,10,6,0.0231
2025-04-28,US-East,Pro,16876.68,10,5,0.0341
2025-04-28,US-East,Basic,6130.45,13,7,0.0464
2025-04-28,US-West,Enterprise,46112.43,8,5,0.0306
2025-04-28,US-West,Pro,13608.55,11,8,0.0295
2025-04-28,US-West,Basic,4292.11,8,6,0.0271
2025-04-28,Europe,Enterprise,41440.77,10,8,0.0345
2025-04-28,Europe,Pro,11820.68,8,10,0.0326
2025-04-28,Europe,Basic,4089.46,11,7,0.0259
2025-04-28,Asia,Enterprise,33332.46,7,5,0.032
2025-04-28,Asia,Pro,10312.02,9,10,0.0192
2025-04-28,Asia,Basic,3395.15,6,9,0.0395
2025-04-29,US-East,Enterprise,51615.47,10,7,0.0274
2025-04-29,US-East,Pro,17609.05,11,2,0.0354
2025-04-29,US-East,Basic,5331.53,11,8,0.0263
2025-04-29,US-West,Enterprise,45636.72,6,4,0.0275
2025-04-29,US-West,Pro,13979.56,11,4,0.0304
2025-04-29,US-West,Basic,4507.11,9,6,0.0205
2025-04-29,Europe,Enterprise,38457.65,6,9,0.0282
2025-04-29,Europe,Pro,12346.62,7,7,0.0345
2025-04-29,Europe,Basic,3957.27,6,7,0.0349
2025-04-29,Asia,Enterprise,33167.75,6,5,0.0287
2025-04-29,Asia,Pro,10606.05,1,3,0.0357
2025-04-29,Asia,Basic,3276.58,6,7,0.0349
2025-04-30,US-East,Enterprise,58964.24,13,9,0.0305
2025-04-30,US-East,Pro,15860.22,12,8,0.0273
2025-04-30,US-East,Basic,4922.37,10,0,0.0245
2025-04-30,US-West,Enterprise,44460.47,6,10,0.0286
2025-04-30,US-West,Pro,13541.44,10,6,0.0217
2025-04-30,US-West,Basic,5031.57,11,9,0.0337
2025-04-30,Europe,Enterprise,41967.75,6,4,0.0234
2025-04-30,Europe,Pro,12148.88,4,6,0.0234
2025-04-30,Europe,Basic,4017.29,9,8,0.0255
2025-04-30,Asia,Enterprise,32846.08,6,1,0.0262
2025-04-30,Asia,Pro,9359.96,5,2,0.0344
2025-04-30,Asia,Basic,3396.63,7,1,0.0148
2025-05-01,US-East,Enterprise,55912.45,7,7,0.0321
2025-05-01,US-East,Pro,16726.35,11,6,0.0341
2025-05-01,US-East,Basic,6305.96,12,7,0.0284
2025-05-01,US-West,Enterprise,46234.71,7,4,0.0281
2025-05-01,US-West,Pro,13248.97,9,11,0.0366
2025-05-01,US-West,Basic,4553.21,5,6,0.0262
2025-05-01,Europe,Enterprise,44766.59,13,8,0.0332
2025-05-01,Europe,Pro,12830.77,10,7,0.0321
2025-05-01,Europe,Basic,3900.5,9,5,0.0322
2025-05-01,Asia,Enterprise,30401.7,3,4,0.0301
2025-05-01,Asia,Pro,9935.24,9,5,0.0285
2025-05-01,Asia,Basic,3338.37,5,5,0.0335
2025-05-02,US-East,Enterprise,55762.9,12,6,0.0321
2025-05-02,US-East,Pro,15729.06,11,6,0.0382
2025-05-02,US-East,Basic,5503.69,12,5,0.0282
2025-05-02,US-West,Enterprise,46395.85,7,5,0.0316
2025-05-02,US-West,Pro,13664.7,9,5,0.0284
2025-05-02,US-West,Basic,4579.88,9,6,0.0249
2025-05-02,Europe,Enterprise,42550.85,4,3,0.0313
2025-05-02,Europe,Pro,11610.72,7,5,0.0264
2025-05-02,Europe,Basic,4261.53,7,5,0.0422
2025-05-02,Asia,Enterprise,33639.66,5,7,0.0258
2025-05-02,Asia,Pro,9755.27,7,2,0.0328
2025-05-02,Asia,Basic,3457.19,10,10,0.0265
2025-05-03,US-East,Enterprise,34187.1,3,5,0.0258
2025-05-03,US-East,Pro,9723.71,9,6,0.032
2025-05-03,US-East,Basic,3357.26,3,2,0.0304
2025-05-03,US-West,Enterprise,30424.38,6,4,0.0165
2025-05-03,US-West,Pro,8132.87,3,7,0.0297
2025-05-03,US-West,Basic,2628.09,7,6,0.0278
2025-05-03,Europe,Enterprise,28093.54,9,8,0.0351
2025-05-03,Europe,Pro,7300.03,6,5,0.031
2025-05-03,Europe,Basic,2296.97,9,6,0.0301
2025-05-03,Asia,Enterprise,19417.21,5,10,0.0264
2025-05-03,Asia,Pro,5711.99,2,3,0.022
2025-05-03,Asia,Basic,2119.78,2,11,0.0368
2025-05-04,US-East,Enterprise,33857.11,7,10,0.0299
2025-05-04,US-East,Pro,10136.27,5,5,0.0234
2025-05-04,US-East,Basic,3389.22,6,3,0.0335
2025-05-04,US-West,Enterprise,29463.63,6,4,0.0225
2025-05-04,US-West,Pro,8550.98,7,4,0.026
2025-05-04,US-West,Basic,2823.55,4,1,0.0378
2025-05-04,Europe,Enterprise,25973.39,6,4,0.0411
2025-05-04,Europe,Pro,7430.25,4,6,0.0336
2025-05-04,Europe,Basic,2479.87,7,1,0.0323
2025-05-04,Asia,Enterprise,18821.92,3,5,0.0401
2025-05-04,Asia,Pro,5898.02,5,4,0.0289
2025-05-04,Asia,Basic,1834.18,2,8,0.0343
2025-05-05,US-East,Enterprise,54601.0,11,7,0.0282
2025-05-05,US-East,Pro,17285.42,13,6,0.0341
2025-05-05,US-East,Basic,5660.51,11,7,0.0279
2025-05-05,US-West,Enterprise,51354.0,10,6,0.0239
2025-05-05,US-West,Pro,13115.75,9,5,0.0326
2025-05-05,US-West,Basic,5186.47,11,8,0.0279
2025-05-05,Europe,Enterprise,42892.12,11,3,0.033
2025-05-05,Europe,Pro,12563.87,9,7,0.024
2025-05-05,Europe,Basic,4171.9,12,6,0.0303
2025-05-05,Asia,Enterprise,33612.59,7,7,0.0291
2025-05-05,Asia,Pro,10175.15,7,2,0.0268
2025-05-05,Asia,Basic,2968.32,6,5,0.0359
2025-05-06,US-East,Enterprise,57677.41,12,6,0.0216
2025-05-06,US-East,Pro,16148.86,12,4,0.0359
2025-05-06,US-East,Basic,5405.24,10,8,0.027
2025-05-06,US-West,Enterprise,48930.01,8,7,0.0261
2025-05-06,US-West,Pro,14425.52,7,8,0.0254
2025-05-06,US-West,Basic,4584.7,7,5,0.0288
2025-05-06,Europe,Enterprise,40389.66,7,8,0.0334
2025-05-06,Europe,Pro,13210.84,9,9,0.0395
2025-05-06,Europe,Basic,4430.19,8,8,0.0321
2025-05-06,Asia,Enterprise,33433.61,4,2,0.0385
2025-05-06,Asia,Pro,10299.78,8,8,0.0338
2025-05-06,Asia,Basic,3227.01,8,5,0.0255
2025-05-07,US-East,Enterprise,55875.29,9,5,0.0307
2025-05-07,US-East,Pro,16312.77,8,8,0.0331
2025-05-07,US-East,Basic,5801.85,12,6,0.0288
2025-05-07,US-West,Enterprise,46483.35,11,6,0.0303
2025-05-07,US-West,Pro,14032.06,6,4,0.0265
2025-05-07,US-West,Basic,5062.29,8,4,0.0375
2025-05-07,Europe,Enterprise,45704.49,8,8,0.0261
2025-05-07,Europe,Pro,13351.61,5,7,0.0229
2025-05-07,Europe,Basic,4185.39,7,7,0.0322
2025-05-07,Asia,Enterprise,30566.24,7,4,0.0244
2025-05-07,Asia,Pro,10226.24,6,6,0.0244
2025-05-07,Asia,Basic,3496.01,10,7,0.024
2025-05-08,US-East,Enterprise,54931.04,11,4,0.021
2025-05-08,US-East,Pro,16784.78,8,5,0.0409
2025-05-08,US-East,Basic,6036.46,13,6,0.0315
2025-05-08,US-West,Enterprise,48598.1,8,4,0.0307
2025-05-08,US-West,Pro,13643.49,11,10,0.0278
2025-05-08,US-West,Basic,4735.95,12,5,0.0332
2025-05-08,Europe,Enterprise,41666.22,8,3,0.0257
2025-05-08,Europe,Pro,12612.0,8,6,0.0311
2025-05-08,Europe,Basic,4173.29,8,5,0.03
2025-05-08,Asia,Enterprise,32767.76,4,6,0.0272
2025-05-08,Asia,Pro,10687.46,7,5,0.0289
2025-05-08,Asia,Basic,3278.46,5,4,0.0256
2025-05-09,US-East,Enterprise,54391.07,9,8,0.0317
2025-05-09,US-East,Pro,17067.67,10,5,0.0298
2025-05-09,US-East,Basic,5828.75,11,2,0.0245
2025-05-09,US-West,Enterprise,46748.45,10,5,0.0283
2025-05-09,US-West,Pro,14880.29,7,6,0.033
2025-05-09,US-West,Basic,4947.16,15,6,0.024
2025-05-09,Europe,Enterprise,40430.53,14,3,0.0301
2025-05-09,Europe,Pro,13126.27,10,8,0.0322
2025-05-09,Europe,Basic,4456.17,7,6,0.0384
2025-05-09,Asia,Enterprise,34678.07,7,1,0.0312
2025-05-09,Asia,Pro,9875.05,6,4,0.0276
2025-05-09,Asia,Basic,3352.17,4,9,0.0219
2025-05-10,US-East,Enterprise,36073.68,6,8,0.0315
2025-05-10,US-East,Pro,10961.52,9,4,0.0277
2025-05-10,US-East,Basic,3320.39,8,11,0.0297
2025-05-10,US-West,Enterprise,28463.42,5,3,0.0297
2025-05-10,US-West,Pro,8580.56,5,6,0.0221
2025-05-10,US-West,Basic,2925.3,7,11,0.0325
2025-05-10,Europe,Enterprise,26845.86,5,3,0.0266
2025-05-10,Europe,Pro,8029.56,8,2,0.0293
2025-05-10,Europe,Basic,2447.23,2,9,0.0306
2025-05-10,Asia,Enterprise,17889.91,5,7,0.0304
2025-05-10,Asia,Pro,5284.15,1,4,0.0252
2025-05-10,Asia,Basic,2023.51,5,8,0.035
2025-05-11,US-East,Enterprise,33799.0,6,7,0.0298
2025-05-11,US-East,Pro,10299.69,5,8,0.0307
2025-05-11,US-East,Basic,3094.2,5,7,0.0309
2025-05-11,US-West,Enterprise,29700.12,5,6,0.031
2025-05-11,US-West,Pro,9078.13,3,5,0.0255
2025-05-11,US-West,Basic,2931.68,6,3,0.0316
2025-05-11,Europe,Enterprise,24992.93,5,4,0.0384
2025-05-11,Europe,Pro,7495.16,10,7,0.0301
2025-05-11,Europe,Basic,2419.83,1,2,0.0276
2025-05-11,Asia,Enterprise,22073.66,1,10,0.032
2025-05-11,Asia,Pro,6150.32,1,6,0.0281
2025-05-11,Asia,Basic,2043.96,5,7,0.0274
2025-05-12,US-East,Enterprise,52792.87,13,6,0.0336
2025-05-12,US-East,Pro,17174.3,11,10,0.023
2025-05-12,US-East,Basic,6036.22,13,7,0.0345
2025-05-12,US-West,Enterprise,50131.48,8,2,0.0362
2025-05-12,US-West,Pro,13696.03,9,2,0.0301
2025-05-12,US-West,Basic,4952.61,6,5,0.035
2025-05-12,Europe,Enterprise,45872.53,6,3,0.0275
2025-05-12,Europe,Pro,13684.33,7,5,0.0292
2025-05-12,Europe,Basic,4382.97,13,5,0.0347
2025-05-12,Asia,Enterprise,31371.64,5,7,0.024
2025-05-12,Asia,Pro,10715.49,6,7,0.0317
2025-05-12,Asia,Basic,3644.51,8,7,0.0296
2025-05-13,US-East,Enterprise,53512.99,12,8,0.0355
2025-05-13,US-East,Pro,17912.78,10,4,0.038
2025-05-13,US-East,Basic,5990.86,11,3,0.0259
2025-05-13,US-West,Enterprise,50193.25,9,4,0.0305
2025-05-13,US-West,Pro,13542.74,8,6,0.026
2025-05-13,US-West,Basic,4386.22,4,4,0.0336
2025-05-13,Europe,Enterprise,42583.3,9,3,0.0219
2025-05-13,Europe,Pro,12180.26,7,4,0.0256
2025-05-13,Europe,Basic,4424.25,11,5,0.0402
2025-05-13,Asia,Enterprise,32387.68,8,6,0.0299
2025-05-13,Asia,Pro,10298.95,9,8,0.0285
2025-05-13,Asia,Basic,3208.99,8,4,0.0372
2025-05-14,US-East,Enterprise,57672.26,14,5,0.0281
2025-05-14,US-East,Pro,16135.47,10,4,0.0321
2025-05-14,US-East,Basic,5909.27,13,10,0.0335
2025-05-14,US-West,Enterprise,49452.25,9,8,0.0268
2025-05-14,US-West,Pro,13532.98,6,5,0.0373
2025-05-14,US-West,Basic,5151.7,9,9,0.0369
2025-05-14,Europe,Enterprise,39311.46,8,3,0.0283
2025-05-14,Europe,Pro,12711.6,8,9,0.0329
2025-05-14,Europe,Basic,4211.52,13,4,0.0353
2025-05-14,Asia,Enterprise,33278.65,3,7,0.0347
2025-05-14,Asia,Pro,10548.87,6,3,0.027
2025-05-14,Asia,Basic,3485.72,7,6,0.0345
2025-05-15,US-East,Enterprise,58841.43,14,4,0.0309
2025-05-15,US-East,Pro,17638.6,9,7,0.0259
2025-05-15,US-East,Basic,5885.93,14,5,0.0312
2025-05-15,US-West,Enterprise,45727.69,8,11,0.0308
2025-05-15,US-West,Pro,14157.22,5,6,0.0423
2025-05-15,US-West,Basic,5096.06,12,12,0.0318
2025-05-15,Europe,Enterprise,41556.6,9,9,0.0306
2025-05-15,Europe,Pro,11982.71,6,10,0.0331
2025-05-15,Europe,Basic,4238.11,10,4,0.0431
2025-05-15,Asia,Enterprise,33908.18,9,7,0.0222
2025-05-15,Asia,Pro,10147.23,6,9,0.0284
2025-05-15,Asia,Basic,3448.2,9,3,0.0356
2025-05-16,US-East,Enterprise,55764.26,10,5,0.0259
2025-05-16,US-East,Pro,17153.53,10,3,0.0304
2025-05-16,US-East,Basic,6049.87,12,4,0.0315
2025-05-16,US-West,Enterprise,49309.76,11,6,0.0367
2025-05-16,US-West,Pro,14679.13,9,6,0.0244
2025-05-16,US-West,Basic,4634.86,5,7,0.0244
2025-05-16,Europe,Enterprise,42987.12,10,4,0.0369
2025-05-16,Europe,Pro,12862.77,9,7,0.0376
2025-05-16,Europe,Basic,4498.64,11,5,0.0197
2025-05-16,Asia,Enterprise,33027.79,5,5,0.0291
2025-05-16,Asia,Pro,10273.31,5,8,0.0291
2025-05-16,Asia,Basic,3410.65,7,2,0.0362
2025-05-17,US-East,Enterprise,34041.87,4,5,0.0283
2025-05-17,US-East,Pro,9142.22,5,5,0.0292
2025-05-17,US-East,Basic,3471.52,7,9,0.0326
2025-05-17,US-West,Enterprise,30545.6,2,8,0.031
2025-05-17,US-West,Pro,9254.01,7,4,0.0247
2025-05-17,US-West,Basic,2776.35,5,4,0.0261
2025-05-17,Europe,Enterprise,27390.98,7,10,0.0254
2025-05-17,Europe,Pro,7827.15,3,5,0.0286
2025-05-17,Europe,Basic,2490.91,7,10,0.0315
2025-05-17,Asia,Enterprise,23301.58,1,6,0.0306
2025-05-17,Asia,Pro,5919.0,4,2,0.0297
2025-05-17,Asia,Basic,1972.73,4,4,0.0315
2025-05-18,US-East,Enterprise,34860.99,9,9,0.0282
2025-05-18,US-East,Pro,9809.53,7,7,0.031
2025-05-18,US-East,Basic,3538.59,7,7,0.0289
2025-05-18,US-West,Enterprise,29133.5,6,9,0.0313
2025-05-18,US-West,Pro,9162.89,5,4,0.0255
2025-05-18,US-West,Basic,2818.99,3,5,0.0305
2025-05-18,Europe,Enterprise,26567.92,6,11,0.035
2025-05-18,Europe,Pro,7893.85,7,4,0.0344
2025-05-18,Europe,Basic,2497.85,7,13,0.0225
2025-05-18,Asia,Enterprise,20216.22,1,7,0.0265
2025-05-18,Asia,Pro,6379.95,2,4,0.0254
2025-05-18,Asia,Basic,2072.59,4,5,0.037
2025-05-19,US-East,Enterprise,62314.24,12,6,0.0221
2025-05-19,US-East,Pro,18303.2,12,7,0.0276
2025-05-19,US-East,Basic,6269.03,15,8,0.0204
2025-05-19,US-West,Enterprise,49742.16,10,5,0.0223
2025-05-19,US-West,Pro,13580.48,12,6,0.027
2025-05-19,US-West,Basic,5223.93,9,6,0.037
2025-05-19,Europe,Enterprise,43264.69,10,5,0.0272
2025-05-19,Europe,Pro,12091.48,5,7,0.0219
2025-05-19,Europe,Basic,4181.98,9,9,0.0331
2025-05-19,Asia,Enterprise,31673.13,9,8,0.0324
2025-05-19,Asia,Pro,10161.56,6,8,0.0259
2025-05-19,Asia,Basic,3337.52,8,6,0.0333
2025-05-20,US-East,Enterprise,59644.27,13,5,0.0326
2025-05-20,US-East,Pro,18270.14,9,9,0.0318
2025-05-20,US-East,Basic,5988.54,10,7,0.036
2025-05-20,US-West,Enterprise,47315.07,8,10,0.0416
2025-05-20,US-West,Pro,15237.29,11,5,0.025
2025-05-20,US-West,Basic,4784.71,9,7,0.0341
2025-05-20,Europe,Enterprise,44003.28,8,3,0.0174
2025-05-20,Europe,Pro,12635.33,6,6,0.0403
2025-05-20,Europe,Basic,4327.35,6,5,0.0315
2025-05-20,Asia,Enterprise,31130.56,5,2,0.0328
2025-05-20,Asia,Pro,10666.93,4,4,0.0266
2025-05-20,Asia,Basic,3644.7,2,2,0.0273
2025-05-21,US-East,Enterprise,58651.07,13,7,0.0359
2025-05-21,US-East,Pro,17384.67,6,6,0.0404
2025-05-21,US-East,Basic,6226.84,14,6,0.0399
2025-05-21,US-West,Enterprise,50330.91,11,10,0.0304
2025-05-21,US-West,Pro,13823.57,12,12,0.0346
2025-05-21,US-West,Basic,5068.17,12,6,0.0299
2025-05-21,Europe,Enterprise,41130.55,7,10,0.0301
2025-05-21,Europe,Pro,13086.47,8,2,0.0251
2025-05-21,Europe,Basic,4355.07,8,5,0.0338
2025-05-21,Asia,Enterprise,38030.58,10,6,0.0233
2025-05-21,Asia,Pro,10025.32,8,3,0.0265
2025-05-21,Asia,Basic,3430.74,1,3,0.0259
2025-05-22,US-East,Enterprise,61889.58,10,5,0.0327
2025-05-22,US-East,Pro,17455.01,11,10,0.0314
2025-05-22,US-East,Basic,6162.34,12,6,0.0255
2025-05-22,US-West,Enterprise,52325.93,11,5,0.0224
2025-05-22,US-West,Pro,14725.58,11,9,0.0351
2025-05-22,US-West,Basic,5161.24,10,6,0.0251
2025-05-22,Europe,Enterprise,41905.59,9,9,0.0307
2025-05-22,Europe,Pro,12587.44,8,9,0.0283
2025-05-22,Europe,Basic,4427.78,7,6,0.0342
2025-05-22,Asia,Enterprise,35074.71,5,7,0.0271
2025-05-22,Asia,Pro,9774.6,7,7,0.0279
2025-05-22,Asia,Basic,3640.03,6,5,0.0281
2025-05-23,US-East,Enterprise,61410.43,10,5,0.0241
2025-05-23,US-East,Pro,17669.46,10,8,0.037
2025-05-23,US-East,Basic,6165.57,10,3,0.0261
2025-05-23,US-West,Enterprise,46859.23,9,7,0.0258
2025-05-23,US-West,Pro,16354.58,8,8,0.0248
2025-05-23,US-West,Basic,5166.87,11,3,0.0282
2025-05-23,Europe,Enterprise,43259.45,6,7,0.0253
2025-05-23,Europe,Pro,13491.92,8,3,0.0246
2025-05-23,Europe,Basic,3790.74,5,4,0.0296
2025-05-23,Asia,Enterprise,35146.19,2,8,0.0279
2025-05-23,Asia,Pro,10026.57,9,6,0.0288
2025-05-23,Asia,Basic,3389.45,1,5,0.0319
2025-05-24,US-East,Enterprise,33436.19,4,6,0.0202
2025-05-24,US-East,Pro,10630.92,10,7,0.0307
2025-05-24,US-East,Basic,3489.26,9,4,0.0338
2025-05-24,US-West,Enterprise,29520.49,3,3,0.0203
2025-05-24,US-West,Pro,9196.85,6,4,0.0305
2025-05-24,US-West,Basic,3058.63,3,3,0.0372
2025-05-24,Europe,Enterprise,26671.09,6,10,0.0361
2025-05-24,Europe,Pro,8576.21,2,6,0.0257
2025-05-24,Europe,Basic,2722.79,4,5,0.0299
2025-05-24,Asia,Enterprise,20684.8,5,5,0.0193
2025-05-24,Asia,Pro,6088.67,4,5,0.0291
2025-05-24,Asia,Basic,2235.61,5,6,0.0264
2025-05-25,US-East,Enterprise,36116.87,6,4,0.0347
2025-05-25,US-East,Pro,11037.01,8,8,0.0354
2025-05-25,US-East,Basic,3583.06,8,5,0.0213
2025-05-25,US-West,Enterprise,29368.78,7,11,0.0317
2025-05-25,US-West,Pro,9265.59,8,7,0.0317
2025-05-25,US-West,Basic,2907.58,6,6,0.0343
2025-05-25,Europe,Enterprise,25152.21,6,10,0.0308
2025-05-25,Europe,Pro,7690.2,4,7,0.0199
2025-05-25,Europe,Basic,2624.01,6,4,0.0247
2025-05-25,Asia,Enterprise,21168.61,3,4,0.0278
2025-05-25,Asia,Pro,6005.27,4,3,0.034
2025-05-25,Asia,Basic,2076.63,5,10,0.0329
2025-05-26,US-East,Enterprise,52552.65,7,8,0.0253
2025-05-26,US-East,Pro,18412.46,11,8,0.0274
2025-05-26,US-East,Basic,6318.18,11,3,0.034
2025-05-26,US-West,Enterprise,50965.23,11,7,0.0353
2025-05-26,US-West,Pro,14674.75,10,5,0.0266
2025-05-26,US-West,Basic,4721.13,8,7,0.0325
2025-05-26,Europe,Enterprise,45332.05,11,7,0.032
2025-05-26,Europe,Pro,14232.95,8,4,0.0346
2025-05-26,Europe,Basic,4247.16,8,6,0.0387
2025-05-26,Asia,Enterprise,34750.89,8,5,0.0334
2025-05-26,Asia,Pro,9962.28,8,4,0.0349
2025-05-26,Asia,Basic,3270.52,6,3,0.0255
2025-05-27,US-East,Enterprise,57064.32,15,5,0.0217
2025-05-27,US-East,Pro,16826.46,14,5,0.0312
2025-05-27,US-East,Basic,6197.35,13,4,0.028
2025-05-27,US-West,Enterprise,49007.65,12,6,0.0296
2025-05-27,US-West,Pro,14373.01,5,5,0.0243
2025-05-27,US-West,Basic,5079.04,10,8,0.0294
2025-05-27,Europe,Enterprise,42690.77,7,6,0.0315
2025-05-27,Europe,Pro,12671.4,8,7,0.0376
2025-05-27,Europe,Basic,4230.68,13,12,0.025
2025-05-27,Asia,Enterprise,35614.09,4,1,0.0301
2025-05-27,Asia,Pro,9741.71,9,4,0.0347
2025-05-27,Asia,Basic,3417.57,9,8,0.0347
2025-05-28,US-East,Enterprise,51815.15,11,5,0.025
2025-05-28,US-East,Pro,17425.46,8,2,0.0368
2025-05-28,US-East,Basic,5935.93,14,3,0.0359
2025-05-28,US-West,Enterprise,45811.51,10,11,0.0299
2025-05-28,US-West,Pro,14515.51,6,6,0.0339
2025-05-28,US-West,Basic,5177.65,8,6,0.041
2025-05-28,Europe,Enterprise,42385.08,4,5,0.0289
2025-05-28,Europe,Pro,13305.94,10,5,0.0242
2025-05-28,Europe,Basic,4637.31,8,4,0.0289
2025-05-28,Asia,Enterprise,37107.83,9,10,0.0293
2025-05-28,Asia,Pro,10210.6,4,9,0.0248
2025-05-28,Asia,Basic,3763.12,6,6,0.0377
2025-05-29,US-East,Enterprise,61209.22,12,7,0.0277
2025-05-29,US-East,Pro,15787.58,10,5,0.0312
2025-05-29,US-East,Basic,5780.45,8,7,0.03
2025-05-29,US-West,Enterprise,51099.04,7,7,0.0355
2025-05-29,US-West,Pro,13231.32,8,7,0.0251
2025-05-29,US-West,Basic,4887.45,10,5,0.0325
2025-05-29,Europe,Enterprise,42218.63,9,6,0.0265
2025-05-29,Europe,Pro,13541.53,10,4,0.0361
2025-05-29,Europe,Basic,4533.47,10,2,0.0246
2025-05-29,Asia,Enterprise,36794.34,8,5,0.0201
2025-05-29,Asia,Pro,10558.28,8,9,0.0379
2025-05-29,Asia,Basic,3753.03,6,7,0.0159
2025-05-30,US-East,Enterprise,61154.4,14,12,0.0242
2025-05-30,US-East,Pro,17597.1,9,11,0.0363
2025-05-30,US-East,Basic,5550.26,11,15,0.0339
2025-05-30,US-West,Enterprise,53446.97,11,7,0.0272
2025-05-30,US-West,Pro,15707.22,9,7,0.0221
2025-05-30,US-West,Basic,4694.33,11,6,0.0292
2025-05-30,Europe,Enterprise,44489.09,8,5,0.0301
2025-05-30,Europe,Pro,12182.18,9,8,0.0309
2025-05-30,Europe,Basic,4159.18,7,4,0.0264
2025-05-30,Asia,Enterprise,36354.13,5,3,0.0255
2025-05-30,Asia,Pro,9564.22,4,11,0.0332
2025-05-30,Asia,Basic,3398.5,7,6,0.0324
2025-05-31,US-East,Enterprise,38687.74,4,11,0.0223
2025-05-31,US-East,Pro,10303.79,7,4,0.0359
2025-05-31,US-East,Basic,3417.59,6,4,0.0315
2025-05-31,US-West,Enterprise,30933.56,9,9,0.0343
2025-05-31,US-West,Pro,9231.93,5,12,0.0293
2025-05-31,US-West,Basic,2825.51,8,6,0.0274
2025-05-31,Europe,Enterprise,27001.76,4,3,0.028
2025-05-31,Europe,Pro,7900.81,7,5,0.0249
2025-05-31,Europe,Basic,2871.5,3,6,0.0282
2025-05-31,Asia,Enterprise,19121.63,10,6,0.0293
2025-05-31,Asia,Pro,6597.83,4,2,0.0326
2025-05-31,Asia,Basic,2176.08,1,10,0.0304
2025-06-01,US-East,Enterprise,35602.59,6,3,0.0276
2025-06-01,US-East,Pro,10573.47,4,7,0.0388
2025-06-01,US-East,Basic,3861.34,6,5,0.0331
2025-06-01,US-West,Enterprise,32425.47,7,7,0.03
2025-06-01,US-West,Pro,9163.77,8,4,0.0228
2025-06-01,US-West,Basic,3419.86,3,7,0.03
2025-06-01,Europe,Enterprise,26722.19,5,5,0.0256
2025-06-01,Europe,Pro,7871.46,4,5,0.0298
2025-06-01,Europe,Basic,2807.64,4,3,0.0283
2025-06-01,Asia,Enterprise,22797.83,6,5,0.0357
2025-06-01,Asia,Pro,6031.86,3,6,0.0252
2025-06-01,Asia,Basic,2147.6,5,6,0.0305
2025-06-02,US-East,Enterprise,55910.28,13,4,0.0218
2025-06-02,US-East,Pro,16195.97,9,3,0.0278
2025-06-02,US-East,Basic,5949.05,13,5,0.0282
2025-06-02,US-West,Enterprise,46846.85,5,5,0.0267
2025-06-02,US-West,Pro,15020.43,12,9,0.0281
2025-06-02,US-West,Basic,5081.31,10,6,0.0228
2025-06-02,Europe,Enterprise,40385.82,10,3,0.0302
2025-06-02,Europe,Pro,13330.6,4,5,0.0301
2025-06-02,Europe,Basic,4675.78,9,2,0.0335
2025-06-02,Asia,Enterprise,35579.97,7,5,0.0298
2025-06-02,Asia,Pro,9818.42,8,7,0.027
2025-06-02,Asia,Basic,3373.93,6,5,0.0341
2025-06-03,US-East,Enterprise,57964.13,11,7,0.0268
2025-06-03,US-East,Pro,17521.16,13,6,0.0341
2025-06-03,US-East,Basic,5997.66,15,13,0.0274
2025-06-03,US-West,Enterprise,47627.05,6,3,0.0308
2025-06-03,US-West,Pro,16157.18,9,7,0.0245
2025-06-03,US-West,Basic,5013.6,9,7,0.0345
2025-06-03,Europe,Enterprise,36157.91,11,5,0.0293
2025-06-03,Europe,Pro,14430.62,7,8,0.0304
2025-06-03,Europe,Basic,4694.2,10,6,0.0286
2025-06-03,Asia,Enterprise,34893.93,9,4,0.0335
2025-06-03,Asia,Pro,11032.11,7,5,0.037
2025-06-03,Asia,Basic,3691.91,8,11,0.0364
2025-06-04,US-East,Enterprise,60408.31,13,9,0.0226
2025-06-04,US-East,Pro,17911.89,9,5,0.0223
2025-06-04,US-East,Basic,5870.54,12,3,0.026
2025-06-04,US-West,Enterprise,50361.69,9,13,0.0287
2025-06-04,US-West,Pro,14195.05,10,4,0.0291
2025-06-04,US-West,Basic,4832.75,10,4,0.0317
2025-06-04,Europe,Enterprise,45253.17,10,6,0.0361
2025-06-04,Europe,Pro,12660.43,9,5,0.0392
2025-06-04,Europe,Basic,4447.76,10,9,0.0334
2025-06-04,Asia,Enterprise,36665.49,4,7,0.0227
2025-06-04,Asia,Pro,9480.96,6,4,0.0217
2025-06-04,Asia,Basic,3434.16,7,5,0.0311
2025-06-05,US-East,Enterprise,53001.41,8,6,0.0278
2025-06-05,US-East,Pro,17674.54,13,5,0.0317
2025-06-05,US-East,Basic,5918.79,13,6,0.0291
2025-06-05,US-West,Enterprise,49919.7,9,9,0.0267
2025-06-05,US-West,Pro,14096.49,7,2,0.0336
2025-06-05,US-West,Basic,4918.62,8,7,0.0282
2025-06-05,Europe,Enterprise,43042.85,10,7,0.0233
2025-06-05,Europe,Pro,14319.03,9,9,0.0307
2025-06-05,Europe,Basic,4578.3,6,10,0.0269
2025-06-05,Asia,Enterprise,33403.86,1,5,0.0399
2025-06-05,Asia,Pro,10871.71,4,4,0.0293
2025-06-05,Asia,Basic,3724.57,7,5,0.0338
2025-06-06,US-East,Enterprise,58209.92,10,6,0.0375
2025-06-06,US-East,Pro,17522.73,12,5,0.0233
2025-06-06,US-East,Basic,5657.04,11,8,0.0285
2025-06-06,US-West,Enterprise,45270.64,10,5,0.0355
2025-06-06,US-West,Pro,14893.48,11,3,0.0298
2025-06-06,US-West,Basic,4985.39,8,8,0.0327
2025-06-06,Europe,Enterprise,42417.47,7,7,0.0236
2025-06-06,Europe,Pro,13553.88,8,7,0.0249
2025-06-06,Europe,Basic,4501.87,11,5,0.0274
2025-06-06,Asia,Enterprise,38833.0,8,1,0.0299
2025-06-06,Asia,Pro,11387.27,4,6,0.035
2025-06-06,Asia,Basic,3847.59,7,5,0.0232
2025-06-07,US-East,Enterprise,36761.67,7,5,0.0295
2025-06-07,US-East,Pro,10381.17,5,9,0.0333
2025-06-07,US-East,Basic,3417.2,2,3,0.0293
2025-06-07,US-West,Enterprise,30183.24,4,3,0.0289
2025-06-07,US-West,Pro,8263.05,6,5,0.0336
2025-06-07,US-West,Basic,3194.19,1,7,0.0292
2025-06-07,Europe,Enterprise,24252.22,2,10,0.0314
2025-06-07,Europe,Pro,8011.73,2,8,0.028
2025-06-07,Europe,Basic,2552.05,4,6,0.018
2025-06-07,Asia,Enterprise,21788.29,1,4,0.0311
2025-06-07,Asia,Pro,7079.74,7,4,0.0253
2025-06-07,Asia,Basic,2534.15,5,6,0.0269
2025-06-08,US-East,Enterprise,40058.94,7,3,0.029
2025-06-08,US-East,Pro,11983.54,7,10,0.0329
2025-06-08,US-East,Basic,3346.77,8,8,0.0179
2025-06-08,US-West,Enterprise,30586.86,6,4,0.0309
2025-06-08,US-West,Pro,8672.51,2,3,0.0349
2025-06-08,US-West,Basic,3161.01,4,6,0.0368
2025-06-08,Europe,Enterprise,25688.72,4,3,0.0261
2025-06-08,Europe,Pro,8219.65,6,5,0.0419
2025-06-08,Europe,Basic,2584.67,5,6,0.0208
2025-06-08,Asia,Enterprise,20597.51,5,5,0.032
2025-06-08,Asia,Pro,6257.64,6,7,0.0327
2025-06-08,Asia,Basic,2145.97,5,8,0.0288
2025-06-09,US-East,Enterprise,56224.07,10,7,0.0158
2025-06-09,US-East,Pro,16558.76,12,9,0.0302
2025-06-09,US-East,Basic,6116.61,12,4,0.0246
2025-06-09,US-West,Enterprise,53413.48,11,5,0.0366
2025-06-09,US-West,Pro,15860.93,10,9,0.0286
2025-06-09,US-West,Basic,5089.91,12,4,0.0299
2025-06-09,Europe,Enterprise,42715.17,9,7,0.0278
2025-06-09,Europe,Pro,13296.57,8,8,0.0259
2025-06-09,Europe,Basic,4530.19,13,2,0.0285
2025-06-09,Asia,Enterprise,35215.56,6,5,0.0312
2025-06-09,Asia,Pro,11023.83,5,4,0.0304
2025-06-09,Asia,Basic,3310.1,7,7,0.0374
2025-06-10,US-East,Enterprise,64051.56,13,8,0.0396
2025-06-10,US-East,Pro,17544.92,11,6,0.0372
2025-06-10,US-East,Basic,5506.06,11,7,0.0212
2025-06-10,US-West,Enterprise,54840.96,12,4,0.0306
2025-06-10,US-West,Pro,14431.76,10,12,0.0369
2025-06-10,US-West,Basic,4795.84,13,4,0.0355
2025-06-10,Europe,Enterprise,43922.35,8,3,0.0264
2025-06-10,Europe,Pro,12993.54,7,8,0.0355
2025-06-10,Europe,Basic,4153.13,9,5,0.0308
2025-06-10,Asia,Enterprise,36330.34,6,6,0.0362
2025-06-10,Asia,Pro,10174.44,6,3,0.031
2025-06-10,Asia,Basic,3655.08,4,3,0.0299
2025-06-11,US-East,Enterprise,59850.41,10,8,0.0286
2025-06-11,US-East,Pro,15652.15,12,4,0.0265
2025-06-11,US-East,Basic,5729.34,9,11,0.0313
2025-06-11,US-West,Enterprise,50585.06,8,3,0.0359
2025-06-11,US-West,Pro,14776.53,11,9,0.028
2025-06-11,US-West,Basic,5333.55,9,8,0.035
2025-06-11,Europe,Enterprise,45107.04,7,8,0.0257
2025-06-11,Europe,Pro,12560.07,8,6,0.0291
2025-06-11,Europe,Basic,4567.71,10,8,0.0276
2025-06-11,Asia,Enterprise,37109.06,6,7,0.0306
2025-06-11,Asia,Pro,11078.52,9,7,0.0317
2025-06-11,Asia,Basic,3480.18,10,7,0.0373
2025-06-12,US-East,Enterprise,60922.76,12,6,0.021
2025-06-12,US-East,Pro,18076.73,9,9,0.0258
2025-06-12,US-East,Basic,5909.94,11,6,0.0355
2025-06-12,US-West,Enterprise,51216.65,12,7,0.0272
2025-06-12,US-West,Pro,15682.86,9,2,0.0358
2025-06-12,US-West,Basic,4986.08,12,9,0.0337
2025-06-12,Europe,Enterprise,46255.57,12,10,0.0303
2025-06-12,Europe,Pro,13915.36,8,1,0.0301
2025-06-12,Europe,Basic,4423.86,10,7,0.0269
2025-06-12,Asia,Enterprise,34255.98,8,3,0.0239
2025-06-12,Asia,Pro,11152.99,7,9,0.0246
2025-06-12,Asia,Basic,3582.92,6,5,0.0291
2025-06-13,US-East,Enterprise,56886.54,10,4,0.0237
2025-06-13,US-East,Pro,18271.39,14,8,0.0278
2025-06-13,US-East,Basic,6001.46,10,5,0.0276
2025-06-13,US-West,Enterprise,43581.3,8,5,0.0263
2025-06-13,US-West,Pro,15575.32,8,10,0.0333
2025-06-13,US-West,Basic,5202.6,7,5,0.0299
2025-06-13,Europe,Enterprise,46309.54,11,2,0.037
2025-06-13,Europe,Pro,13707.06,7,4,0.0438
2025-06-13,Europe,Basic,4320.61,9,2,0.0372
2025-06-13,Asia,Enterprise,36096.66,9,6,0.0395
2025-06-13,Asia,Pro,11051.41,7,8,0.035
2025-06-13,Asia,Basic,3551.56,4,7,0.0226
2025-06-14,US-East,Enterprise,35518.97,1,8,0.0312
2025-06-14,US-East,Pro,10586.81,4,5,0.037
2025-06-14,US-East,Basic,3567.89,7,6,0.0328
2025-06-14,US-West,Enterprise,31871.51,7,5,0.0355
2025-06-14,US-West,Pro,8572.6,3,2,0.0346
2025-06-14,US-West,Basic,3268.6,3,5,0.0374
2025-06-14,Europe,Enterprise,27529.97,4,8,0.0291
2025-06-14,Europe,Pro,7752.05,1,3,0.0335
2025-06-14,Europe,Basic,2617.25,5,5,0.02
2025-06-14,Asia,Enterprise,21565.04,4,11,0.0363
2025-06-14,Asia,Pro,6705.76,4,9,0.0313
2025-06-14,Asia,Basic,2101.3,3,6,0.0255
2025-06-15,US-East,Enterprise,36447.38,8,8,0.0273
2025-06-15,US-East,Pro,10709.16,5,9,0.0265
2025-06-15,US-East,Basic,3604.81,9,8,0.0297
2025-06-15,US-West,Enterprise,29108.16,4,5,0.0365
2025-06-15,US-West,Pro,9239.49,4,8,0.0326
2025-06-15,US-West,Basic,2940.15,4,4,0.032
2025-06-15,Europe,Enterprise,27562.37,8,9,0.0316
2025-06-15,Europe,Pro,7337.46,4,3,0.0409
2025-06-15,Europe,Basic,2556.18,4,6,0.0302
2025-06-15,Asia,Enterprise,22677.79,1,9,0.0345
2025-06-15,Asia,Pro,6050.78,1,4,0.0309
2025-06-15,Asia,Basic,1985.88,2,5,0.0258
2025-06-16,US-East,Enterprise,62760.47,12,6,0.0302
2025-06-16,US-East,Pro,18884.15,14,2,0.0396
2025-06-16,US-East,Basic,6116.07,11,8,0.0288
2025-06-16,US-West,Enterprise,53107.78,11,5,0.0348
2025-06-16,US-West,Pro,15239.09,7,9,0.0421
2025-06-16,US-West,Basic,5054.48,12,9,0.0348
2025-06-16,Europe,Enterprise,47428.39,13,3,0.025
2025-06-16,Europe,Pro,13158.02,9,8,0.0268
2025-06-16,Europe,Basic,4557.24,13,10,0.0293
2025-06-16,Asia,Enterprise,39086.05,7,6,0.0417
2025-06-16,Asia,Pro,10587.91,8,6,0.0309
2025-06-16,Asia,Basic,3811.64,7,3,0.0404
2025-06-17,US-East,Enterprise,56228.8,10,7,0.0311
2025-06-17,US-East,Pro,16711.16,8,4,0.0384
2025-06-17,US-East,Basic,5748.72,12,9,0.0244
2025-06-17,US-West,Enterprise,53596.17,9,2,0.0326
2025-06-17,US-West,Pro,14132.84,9,11,0.0226
2025-06-17,US-West,Basic,5128.79,7,8,0.0423
2025-06-17,Europe,Enterprise,47875.72,6,5,0.0297
2025-06-17,Europe,Pro,13378.8,7,6,0.0309
2025-06-17,Europe,Basic,4936.71,9,5,0.0412
2025-06-17,Asia,Enterprise,35212.88,6,3,0.0308
2025-06-17,Asia,Pro,10901.77,11,3,0.0269
2025-06-17,Asia,Basic,3621.54,9,8,0.0283
2025-06-18,US-East,Enterprise,57925.79,12,5,0.0245
2025-06-18,US-East,Pro,18274.55,15,11,0.0368
2025-06-18,US-East,Basic,6026.27,11,6,0.0305
2025-06-18,US-West,Enterprise,52424.89,10,6,0.0298
2025-06-18,US-West,Pro,14470.97,7,2,0.032
2025-06-18,US-West,Basic,5035.3,8,7,0.023
2025-06-18,Europe,Enterprise,44971.38,8,6,0.0296
2025-06-18,Europe,Pro,13187.8,12,11,0.0334
2025-06-18,Europe,Basic,4468.81,10,4,0.034
2025-06-18,Asia,Enterprise,37021.53,5,2,0.0333
2025-06-18,Asia,Pro,11374.89,6,2,0.0333
2025-06-18,Asia,Basic,3586.43,6,2,0.0281
2025-06-19,US-East,Enterprise,54963.42,11,5,0.0331
2025-06-19,US-East,Pro,17779.91,11,6,0.0348
2025-06-19,US-East,Basic,6337.41,16,4,0.0266
2025-06-19,US-West,Enterprise,48604.18,11,6,0.0377
2025-06-19,US-West,Pro,15191.22,10,5,0.0202
2025-06-19,US-West,Basic,4710.33,12,5,0.0301
2025-06-19,Europe,Enterprise,47202.66,9,8,0.0247
2025-06-19,Europe,Pro,12523.1,9,8,0.0302
2025-06-19,Europe,Basic,4496.94,7,9,0.033
2025-06-19,Asia,Enterprise,34089.66,5,5,0.0277
2025-06-19,Asia,Pro,10070.68,4,8,0.0305
2025-06-19,Asia,Basic,3445.82,4,6,0.0329
2025-06-20,US-East,Enterprise,53420.01,12,2,0.0335
2025-06-20,US-East,Pro,17217.64,12,2,0.0316
2025-06-20,US-East,Basic,6125.4,13,9,0.0285
2025-06-20,US-West,Enterprise,52574.63,12,2,0.0345
2025-06-20,US-West,Pro,52357.32,11,5,0.0314
2025-06-20,US-West,Basic,4724.36,10,7,0.0292
2025-06-20,Europe,Enterprise,44639.55,6,5,0.0345
2025-06-20,Europe,Pro,13269.16,7,3,0.0315
2025-06-20,Europe,Basic,4807.85,11,7,0.0369
2025-06-20,Asia,Enterprise,34465.51,6,5,0.0297
2025-06-20,Asia,Pro,10566.0,3,6,0.0275
2025-06-20,Asia,Basic,3646.37,9,9,0.0334
2025-06-21,US-East,Enterprise,34983.45,8,6,0.0366
2025-06-21,US-East,Pro,9878.64,3,3,0.0296
2025-06-21,US-East,Basic,3625.81,5,3,0.0278
2025-06-21,US-West,Enterprise,32473.92,5,4,0.0282
2025-06-21,US-West,Pro,9770.03,6,10,0.0346
2025-06-21,US-West,Basic,2759.38,4,4,0.0219
2025-06-21,Europe,Enterprise,25981.27,6,4,0.0293
2025-06-21,Europe,Pro,7484.52,4,2,0.0312
2025-06-21,Europe,Basic,2701.78,5,6,0.0246
2025-06-21,Asia,Enterprise,21751.58,4,4,0.0298
2025-06-21,Asia,Pro,6806.89,8,10,0.0298
2025-06-21,Asia,Basic,2290.38,3,6,0.0348
2025-06-22,US-East,Enterprise,35181.67,6,2,0.0321
2025-06-22,US-East,Pro,10582.62,10,9,0.0351
2025-06-22,US-East,Basic,3337.46,7,4,0.0302
2025-06-22,US-West,Enterprise,30645.71,6,5,0.027
2025-06-22,US-West,Pro,8958.72,4,5,0.0271
2025-06-22,US-West,Basic,2870.98,10,7,0.0274
2025-06-22,Europe,Enterprise,28142.99,6,2,0.024
2025-06-22,Europe,Pro,7800.89,5,7,0.0316
2025-06-22,Europe,Basic,2656.13,6,8,0.0355
2025-06-22,Asia,Enterprise,21450.79,3,4,0.0367
2025-06-22,Asia,Pro,5499.34,2,5,0.0411
2025-06-22,Asia,Basic,2166.06,4,6,0.0326
2025-06-23,US-East,Enterprise,63519.95,10,2,0.0261
2025-06-23,US-East,Pro,16570.09,7,5,0.0322
2025-06-23,US-East,Basic,6466.47,13,2,0.0323
2025-06-23,US-West,Enterprise,52338.13,10,10,0.0271
2025-06-23,US-West,Pro,15070.25,9,4,0.0333
2025-06-23,US-West,Basic,5035.1,10,6,0.0384
2025-06-23,Europe,Enterprise,43827.34,8,8,0.028
2025-06-23,Europe,Pro,13140.7,8,6,0.0298
2025-06-23,Europe,Basic,4365.36,11,4,0.0258
2025-06-23,Asia,Enterprise,37421.31,5,10,0.0245
2025-06-23,Asia,Pro,11318.33,6,5,0.0304
2025-06-23,Asia,Basic,3532.61,9,6,0.0257
2025-06-24,US-East,Enterprise,62326.18,12,6,0.0284
2025-06-24,US-East,Pro,19701.52,12,6,0.0254
2025-06-24,US-East,Basic,6055.36,13,7,0.0362
2025-06-24,US-West,Enterprise,53106.97,7,8,0.0312
2025-06-24,US-West,Pro,15848.78,9,7,0.0291
2025-06-24,US-West,Basic,5445.84,11,4,0.0281
2025-06-24,Europe,Enterprise,46328.11,9,0,0.0353
2025-06-24,Europe,Pro,13993.66,9,6,0.0226
2025-06-24,Europe,Basic,4515.15,10,12,0.0224
2025-06-24,Asia,Enterprise,35221.15,9,12,0.0325
2025-06-24,Asia,Pro,10609.38,4,9,0.0211
2025-06-24,Asia,Basic,3415.17,6,5,0.0222
2025-06-25,US-East,Enterprise,64304.11,12,9,0.0352
2025-06-25,US-East,Pro,16196.01,10,7,0.0369
2025-06-25,US-East,Basic,6794.76,17,9,0.0366
2025-06-25,US-West,Enterprise,46380.07,10,5,0.0369
2025-06-25,US-West,Pro,14817.68,11,8,0.0235
2025-06-25,US-West,Basic,4951.1,12,7,0.0348
2025-06-25,Europe,Enterprise,43032.85,5,7,0.0255
2025-06-25,Europe,Pro,14910.17,9,9,0.0344
2025-06-25,Europe,Basic,4434.59,9,3,0.0407
2025-06-25,Asia,Enterprise,36534.83,6,10,0.0245
2025-06-25,Asia,Pro,10721.19,7,5,0.0209
2025-06-25,Asia,Basic,3377.93,4,5,0.0248
2025-06-26,US-East,Enterprise,60927.59,11,9,0.0327
2025-06-26,US-East,Pro,19480.48,16,6,0.0294
2025-06-26,US-East,Basic,5660.42,10,4,0.0331
2025-06-26,US-West,Enterprise,54092.85,10,8,0.0293
2025-06-26,US-West,Pro,15890.68,10,4,0.0335
2025-06-26,US-West,Basic,4796.83,9,3,0.0255
2025-06-26,Europe,Enterprise,43810.85,9,6,0.0327
2025-06-26,Europe,Pro,13728.1,10,5,0.0347
2025-06-26,Europe,Basic,4612.85,9,5,0.0341
2025-06-26,Asia,Enterprise,36500.67,8,8,0.0278
2025-06-26,Asia,Pro,11625.79,9,3,0.0313
2025-06-26,Asia,Basic,3527.38,7,1,0.0356
2025-06-27,US-East,Enterprise,61349.13,15,10,0.0367
2025-06-27,US-East,Pro,16138.25,12,10,0.029
2025-06-27,US-East,Basic,6249.16,14,8,0.0256
2025-06-27,US-West,Enterprise,55901.02,9,7,0.0315
2025-06-27,US-West,Pro,16096.08,14,6,0.0372
2025-06-27,US-West,Basic,4981.65,7,3,0.0219
2025-06-27,Europe,Enterprise,44570.47,6,7,0.0247
2025-06-27,Europe,Pro,13375.97,11,8,0.0321
2025-06-27,Europe,Basic,4494.04,10,8,0.027
2025-06-27,Asia,Enterprise,34980.0,4,2,0.0337
2025-06-27,Asia,Pro,8885.56,8,4,0.0303
2025-06-27,Asia,Basic,3642.59,4,4,0.0311
2025-06-28,US-East,Enterprise,38621.16,7,7,0.0278
2025-06-28,US-East,Pro,10806.23,7,1,0.0326
2025-06-28,US-East,Basic,3623.38,6,5,0.0293
2025-06-28,US-West,Enterprise,30491.48,6,8,0.0325
2025-06-28,US-West,Pro,9428.43,4,8,0.0309
2025-06-28,US-West,Basic,3138.5,6,5,0.0321
2025-06-28,Europe,Enterprise,26889.12,5,8,0.025
2025-06-28,Europe,Pro,8328.6,3,8,0.0381
2025-06-28,Europe,Basic,2794.2,4,8,0.0325
2025-06-28,Asia,Enterprise,21245.89,6,8,0.0224
2025-06-28,Asia,Pro,6370.76,5,5,0.0374
2025-06-28,Asia,Basic,2097.44,4,9,0.0272
2025-06-29,US-East,Enterprise,36910.48,7,2,0.0358
2025-06-29,US-East,Pro,10721.16,6,8,0.0334
2025-06-29,US-East,Basic,3424.42,10,7,0.0224
2025-06-29,US-West,Enterprise,30050.12,6,6,0.0317
2025-06-29,US-West,Pro,9832.59,7,6,0.03
2025-06-29,US-West,Basic,3122.78,6,4,0.0309
2025-06-29,Europe,Enterprise,27978.92,8,11,0.022
2025-06-29,Europe,Pro,8111.95,2,4,0.0343
2025-06-29,Europe,Basic,3002.83,6,7,0.0374
2025-06-29,Asia,Enterprise,20948.5,3,4,0.026
2025-06-29,Asia,Pro,6235.13,7,5,0.0267
2025-06-29,Asia,Basic,2050.03,3,9,0.0249
2025-06-30,US-East,Enterprise,61505.91,8,7,0.0272
2025-06-30,US-East,Pro,18656.4,14,10,0.0292
2025-06-30,US-East,Basic,5950.75,13,9,0.026
2025-06-30,US-West,Enterprise,49163.66,11,3,0.0305
2025-06-30,US-West,Pro,14993.87,9,8,0.0263
2025-06-30,US-West,Basic,4992.82,7,3,0.0294
2025-06-30,Europe,Enterprise,42190.63,8,0,0.0319
2025-06-30,Europe,Pro,14055.05,9,7,0.0265
2025-06-30,Europe,Basic,4737.08,11,6,0.0303
2025-06-30,Asia,Enterprise,37196.52,2,10,0.0377
2025-06-30,Asia,Pro,10644.96,6,7,0.027
2025-06-30,Asia,Basic,3885.68,9,4,0.0277
2025-07-01,US-East,Enterprise,65938.93,13,7,0.0297
2025-07-01,US-East,Pro,17181.97,15,8,0.0276
2025-07-01,US-East,Basic,6046.94,13,7,0.0328
2025-07-01,US-West,Enterprise,48311.41,10,8,0.0347
2025-07-01,US-West,Pro,15909.68,7,6,0.0275
2025-07-01,US-West,Basic,4856.35,8,9,0.0284
2025-07-01,Europe,Enterprise,43401.64,9,12,0.0279
2025-07-01,Europe,Pro,13712.69,6,4,0.0349
2025-07-01,Europe,Basic,4309.35,9,8,0.0214
2025-07-01,Asia,Enterprise,34231.18,5,9,0.0368
2025-07-01,Asia,Pro,10437.24,3,5,0.0345
2025-07-01,Asia,Basic,3650.4,7,4,0.0282
2025-07-02,US-East,Enterprise,55905.74,14,8,0.0289
2025-07-02,US-East,Pro,16322.77,9,5,0.0254
2025-07-02,US-East,Basic,6136.84,14,5,0.0269
2025-07-02,US-West,Enterprise,53155.12,12,6,0.0339
2025-07-02,US-West,Pro,15193.16,8,3,0.0285
2025-07-02,US-West,Basic,4897.72,10,6,0.0328
2025-07-02,Europe,Enterprise,45961.16,8,7,0.0283
2025-07-02,Europe,Pro,14461.61,10,4,0.0243
2025-07-02,Europe,Basic,4676.22,11,2,0.0263
2025-07-02,Asia,Enterprise,34395.47,6,4,0.0246
2025-07-02,Asia,Pro,11148.08,5,8,0.0385
2025-07-02,Asia,Basic,3739.26,6,6,0.0253
2025-07-03,US-East,Enterprise,58136.79,12,4,0.025
2025-07-03,US-East,Pro,19436.73,15,11,0.0273
2025-07-03,US-East,Basic,5666.15,7,4,0.0291
2025-07-03,US-West,Enterprise,51675.65,10,7,0.0277
2025-07-03,US-West,Pro,16077.17,11,8,0.0406
2025-07-03,US-West,Basic,5232.33,12,4,0.0368
2025-07-03,Europe,Enterprise,43412.99,8,6,0.0302
2025-07-03,Europe,Pro,13810.26,9,8,0.0282
2025-07-03,Europe,Basic,4575.19,9,9,0.035
2025-07-03,Asia,Enterprise,34882.8,8,10,0.0334
2025-07-03,Asia,Pro,10171.03,8,5,0.031
2025-07-03,Asia,Basic,3473.88,6,4,0.0263
2025-07-04,US-East,Enterprise,58033.38,9,7,0.0256
2025-07-04,US-East,Pro,18647.07,12,6,0.0346
2025-07-04,US-East,Basic,5936.48,16,2,0.0265
2025-07-04,US-West,Enterprise,50294.56,8,3,0.0265
2025-07-04,US-West,Pro,15417.15,8,6,0.037
2025-07-04,US-West,Basic,5017.65,8,9,0.0387
2025-07-04,Europe,Enterprise,44708.24,10,3,0.0319
2025-07-04,Europe,Pro,12902.78,5,4,0.0292
2025-07-04,Europe,Basic,4505.66,11,4,0.033
2025-07-04,Asia,Enterprise,34633.95,8,6,0.0416
2025-07-04,Asia,Pro,11146.73,7,8,0.0257
2025-07-04,Asia,Basic,3426.96,6,8,0.0275
2025-07-05,US-East,Enterprise,35010.76,7,6,0.0235
2025-07-05,US-East,Pro,11742.92,8,6,0.0259
2025-07-05,US-East,Basic,3795.39,9,7,0.0345
2025-07-05,US-West,Enterprise,30834.38,7,4,0.0333
2025-07-05,US-West,Pro,9589.21,2,4,0.0224
2025-07-05,US-West,Basic,3117.1,5,5,0.0303
2025-07-05,Europe,Enterprise,27608.29,8,6,0.022
2025-07-05,Europe,Pro,8064.71,3,7,0.0343
2025-07-05,Europe,Basic,2789.59,1,7,0.0279
2025-07-05,Asia,Enterprise,20589.86,7,6,0.0332
2025-07-05,Asia,Pro,6670.51,5,3,0.0302
2025-07-05,Asia,Basic,2155.78,7,3,0.0299
2025-07-06,US-East,Enterprise,35125.65,6,11,0.0361
2025-07-06,US-East,Pro,10222.61,5,4,0.0335
2025-07-06,US-East,Basic,3458.98,9,9,0.0372
2025-07-06,US-West,Enterprise,30148.35,6,7,0.0279
2025-07-06,US-West,Pro,9486.93,7,12,0.0329
2025-07-06,US-West,Basic,3334.34,5,4,0.0294
2025-07-06,Europe,Enterprise,24990.67,5,6,0.0426
2025-07-06,Europe,Pro,7816.48,1,1,0.0261
2025-07-06,Europe,Basic,2593.75,3,1,0.0345
2025-07-06,Asia,Enterprise,21952.28,2,10,0.0371
2025-07-06,Asia,Pro,6672.55,2,7,0.0364
2025-07-06,Asia,Basic,2028.22,3,8,0.032
2025-07-07,US-East,Enterprise,65016.22,10,6,0.0339
2025-07-07,US-East,Pro,17972.21,11,6,0.0336
2025-07-07,US-East,Basic,5979.53,11,5,0.0331
2025-07-07,US-West,Enterprise,50926.61,13,4,0.0341
2025-07-07,US-West,Pro,15931.04,10,7,0.0367
2025-07-07,US-West,Basic,4809.7,13,8,0.0263
2025-07-07,Europe,Enterprise,44142.23,8,4,0.0276
2025-07-07,Europe,Pro,13700.93,5,7,0.0289
2025-07-07,Europe,Basic,4526.34,11,7,0.0376
2025-07-07,Asia,Enterprise,35893.12,1,3,0.0319
2025-07-07,Asia,Pro,9882.11,8,3,0.0305
2025-07-07,Asia,Basic,3559.51,4,11,0.0274
2025-07-08,US-East,Enterprise,60392.26,12,7,0.0246
2025-07-08,US-East,Pro,18415.09,13,5,0.0284
2025-07-08,US-East,Basic,5898.88,13,11,0.0285
2025-07-08,US-West,Enterprise,50061.48,10,5,0.0335
2025-07-08,US-West,Pro,15133.28,9,3,0.0339
2025-07-08,US-West,Basic,4816.64,8,6,0.0351
2025-07-08,Europe,Enterprise,46685.03,7,7,0.024
2025-07-08,Europe,Pro,13367.36,6,6,0.0306
2025-07-08,Europe,Basic,4627.73,11,7,0.0248
2025-07-08,Asia,Enterprise,34675.77,7,8,0.0179
2025-07-08,Asia,Pro,11058.37,8,8,0.0269
2025-07-08,Asia,Basic,3585.21,8,8,0.0217
2025-07-09,US-East,Enterprise,56716.42,9,7,0.0343
2025-07-09,US-East,Pro,19164.14,13,3,0.0272
2025-07-09,US-East,Basic,5763.84,8,11,0.0284
2025-07-09,US-West,Enterprise,52935.93,11,6,0.0251
2025-07-09,US-West,Pro,16513.52,13,6,0.0304
2025-07-09,US-West,Basic,4804.7,14,6,0.0333
2025-07-09,Europe,Enterprise,49746.07,13,4,0.0303
2025-07-09,Europe,Pro,14142.95,6,3,0.0261
2025-07-09,Europe,Basic,4479.28,8,4,0.0251
2025-07-09,Asia,Enterprise,34220.98,6,8,0.0295
2025-07-09,Asia,Pro,10818.21,3,6,0.023
2025-07-09,Asia,Basic,3535.97,7,3,0.0353
2025-07-10,US-East,Enterprise,59915.68,12,8,0.0364
2025-07-10,US-East,Pro,17225.82,9,5,0.0328
2025-07-10,US-East,Basic,5599.84,10,7,0.0266
2025-07-10,US-West,Enterprise,50754.7,14,5,0.024
2025-07-10,US-West,Pro,16009.75,11,4,0.023
2025-07-10,US-West,Basic,4683.45,9,7,0.0347
2025-07-10,Europe,Enterprise,44344.51,6,2,0.0299
2025-07-10,Europe,Pro,12996.67,8,6,0.0327
2025-07-10,Europe,Basic,4114.9,7,3,0.0264
2025-07-10,Asia,Enterprise,36042.65,6,6,0.0308
2025-07-10,Asia,Pro,11022.59,7,4,0.0266
2025-07-10,Asia,Basic,3629.16,6,4,0.0263
2025-07-11,US-East,Enterprise,60625.96,12,4,0.0291
2025-07-11,US-East,Pro,16688.09,10,8,0.0216
2025-07-11,US-East,Basic,5505.53,13,3,0.0366
2025-07-11,US-West,Enterprise,52693.9,10,7,0.0218
2025-07-11,US-West,Pro,16270.53,13,4,0.0314
2025-07-11,US-West,Basic,5091.08,10,3,0.0295
2025-07-11,Europe,Enterprise,49173.51,12,7,0.0226
2025-07-11,Europe,Pro,13793.22,9,9,0.0242
2025-07-11,Europe,Basic,4295.12,8,13,0.0363
2025-07-11,Asia,Enterprise,33408.85,5,6,0.0295
2025-07-11,Asia,Pro,10454.16,10,5,0.029
2025-07-11,Asia,Basic,3896.51,6,6,0.0312
2025-07-12,US-East,Enterprise,36199.98,9,9,0.0361
2025-07-12,US-East,Pro,11369.24,6,5,0.0236
2025-07-12,US-East,Basic,3612.96,8,6,0.0266
2025-07-12,US-West,Enterprise,32430.6,7,8,0.0383
2025-07-12,US-West,Pro,8285.22,6,7,0.0296
2025-07-12,US-West,Basic,3055.96,3,5,0.0297
2025-07-12,Europe,Enterprise,27095.5,3,4,0.0201
2025-07-12,Europe,Pro,8371.21,8,6,0.0281
2025-07-12,Europe,Basic,2833.79,6,3,0.0226
2025-07-12,Asia,Enterprise,21695.64,4,7,0.0255
2025-07-12,Asia,Pro,6190.56,4,4,0.0368
2025-07-12,Asia,Basic,2107.95,4,3,0.0332
2025-07-13,US-East,Enterprise,36925.5,6,8,0.0283
2025-07-13,US-East,Pro,11564.27,6,5,0.0399
2025-07-13,US-East,Basic,3502.46,7,9,0.0281
2025-07-13,US-West,Enterprise,30654.21,6,4,0.0282
2025-07-13,US-West,Pro,9308.85,6,3,0.0248
2025-07-13,US-West,Basic,3162.1,6,11,0.0357
2025-07-13,Europe,Enterprise,25364.34,4,9,0.0341
2025-07-13,Europe,Pro,7745.4,7,11,0.0269
2025-07-13,Europe,Basic,2592.49,3,6,0.0274
2025-07-13,Asia,Enterprise,21214.45,9,3,0.0256
2025-07-13,Asia,Pro,6615.2,3,3,0.0273
2025-07-13,Asia,Basic,2278.8,3,3,0.0243
2025-07-14,US-East,Enterprise,62311.83,15,7,0.0345
2025-07-14,US-East,Pro,17637.01,11,9,0.0317
2025-07-14,US-East,Basic,6110.41,11,3,0.0329
2025-07-14,US-West,Enterprise,49060.12,12,6,0.035
2025-07-14,US-West,Pro,15491.71,10,6,0.033
2025-07-14,US-West,Basic,5070.86,9,6,0.0356
2025-07-14,Europe,Enterprise,44696.04,9,4,0.04
2025-07-14,Europe,Pro,12782.38,9,6,0.0268
2025-07-14,Europe,Basic,4592.33,9,1,0.0333
2025-07-14,Asia,Enterprise,38030.43,7,3,0.0206
2025-07-14,Asia,Pro,12125.73,6,8,0.0293
2025-07-14,Asia,Basic,3539.05,4,5,0.0196
2025-07-15,US-East,Enterprise,57552.47,11,5,0.0361
2025-07-15,US-East,Pro,18089.68,15,8,0.0233
2025-07-15,US-East,Basic,6951.67,11,11,0.0238
2025-07-15,US-West,Enterprise,51553.53,10,5,0.0289
2025-07-15,US-West,Pro,15197.21,8,2,0.0336
2025-07-15,US-West,Basic,5034.96,8,6,0.0289
2025-07-15,Europe,Enterprise,43636.52,7,6,0.0263
2025-07-15,Europe,Pro,13054.07,9,5,0.0243
2025-07-15,Europe,Basic,4549.28,9,8,0.0326
2025-07-15,Asia,Enterprise,30702.95,3,9,0.0336
2025-07-15,Asia,Pro,10481.41,3,6,0.0258
2025-07-15,Asia,Basic,3657.57,9,12,0.0367
2025-07-16,US-East,Enterprise,60108.4,9,2,0.036
2025-07-16,US-East,Pro,17481.62,11,5,0.0301
2025-07-16,US-East,Basic,6218.47,13,5,0.0447
2025-07-16,US-West,Enterprise,55367.64,11,6,0.0308
2025-07-16,US-West,Pro,15725.38,13,7,0.0293
2025-07-16,US-West,Basic,5126.63,7,7,0.0254
2025-07-16,Europe,Enterprise,44742.81,8,4,0.0321
2025-07-16,Europe,Pro,14739.92,12,6,0.0385
2025-07-16,Europe,Basic,4361.21,7,13,0.0311
2025-07-16,Asia,Enterprise,38453.28,6,6,0.0235
2025-07-16,Asia,Pro,9909.28,7,5,0.0236
2025-07-16,Asia,Basic,3780.67,6,6,0.0295
2025-07-17,US-East,Enterprise,60755.91,10,7,0.0347
2025-07-17,US-East,Pro,17532.31,12,6,0.0288
2025-07-17,US-East,Basic,6637.57,12,5,0.0315
2025-07-17,US-West,Enterprise,50761.05,11,2,0.0327
2025-07-17,US-West,Pro,15284.44,10,2,0.0255
2025-07-17,US-West,Basic,5224.63,9,3,0.0258
2025-07-17,Europe,Enterprise,44875.93,9,5,0.0385
2025-07-17,Europe,Pro,14739.38,11,5,0.0343
2025-07-17,Europe,Basic,4112.08,8,3,0.0297
2025-07-17,Asia,Enterprise,39232.48,9,6,0.0314
2025-07-17,Asia,Pro,9725.05,7,6,0.0339
2025-07-17,Asia,Basic,3473.84,8,2,0.0319
2025-07-18,US-East,Enterprise,59895.13,9,5,0.0296
2025-07-18,US-East,Pro,16141.42,13,9,0.0245
2025-07-18,US-East,Basic,5740.18,8,4,0.0305
2025-07-18,US-West,Enterprise,48804.2,2,7,0.0354
2025-07-18,US-West,Pro,14061.56,9,4,0.0311
2025-07-18,US-West,Basic,5224.99,10,4,0.0269
2025-07-18,Europe,Enterprise,43902.11,8,4,0.0347
2025-07-18,Europe,Pro,13536.1,11,5,0.0304
2025-07-18,Europe,Basic,4146.93,4,8,0.0287
2025-07-18,Asia,Enterprise,33119.84,8,4,0.0325
2025-07-18,Asia,Pro,9817.96,4,6,0.0292
2025-07-18,Asia,Basic,3642.2,5,4,0.0302
2025-07-19,US-East,Enterprise,34345.99,3,6,0.0275
2025-07-19,US-East,Pro,11330.91,10,13,0.023
2025-07-19,US-East,Basic,3312.77,6,7,0.0324
2025-07-19,US-West,Enterprise,30547.82,6,3,0.0262
2025-07-19,US-West,Pro,9660.01,3,2,0.0302
2025-07-19,US-West,Basic,2737.83,2,8,0.0252
2025-07-19,Europe,Enterprise,27664.57,5,4,0.0293
2025-07-19,Europe,Pro,8213.65,8,1,0.0382
2025-07-19,Europe,Basic,2600.78,3,3,0.0361
2025-07-19,Asia,Enterprise,21521.91,4,8,0.0332
2025-07-19,Asia,Pro,6688.01,5,3,0.024
2025-07-19,Asia,Basic,2051.71,3,11,0.0272
2025-07-20,US-East,Enterprise,37755.97,9,7,0.0299
2025-07-20,US-East,Pro,10677.42,8,5,0.0328
2025-07-20,US-East,Basic,3195.09,5,3,0.0336
2025-07-20,US-West,Enterprise,28284.31,8,11,0.0336
2025-07-20,US-West,Pro,8793.18,7,6,0.0377
2025-07-20,US-West,Basic,2907.19,4,4,0.0291
2025-07-20,Europe,Enterprise,28329.76,3,5,0.0207
2025-07-20,Europe,Pro,8121.84,6,3,0.0221
2025-07-20,Europe,Basic,2719.59,3,7,0.0303
2025-07-20,Asia,Enterprise,19577.14,1,2,0.033
2025-07-20,Asia,Pro,6640.79,2,3,0.0337
2025-07-20,Asia,Basic,2063.87,1,5,0.0323
2025-07-21,US-East,Enterprise,62134.05,12,8,0.0323
2025-07-21,US-East,Pro,18013.64,9,3,0.0316
2025-07-21,US-East,Basic,5599.85,5,3,0.0294
2025-07-21,US-West,Enterprise,48779.97,4,9,0.0264
2025-07-21,US-West,Pro,14333.27,10,7,0.0306
2025-07-21,US-West,Basic,4814.43,7,12,0.0266
2025-07-21,Europe,Enterprise,43162.75,8,5,0.0286
2025-07-21,Europe,Pro,14033.97,10,7,0.0218
2025-07-21,Europe,Basic,4428.33,9,7,0.0354
2025-07-21,Asia,Enterprise,37455.07,5,4,0.0269
2025-07-21,Asia,Pro,10461.84,9,9,0.0361
2025-07-21,Asia,Basic,3291.01,5,5,0.0296
2025-07-22,US-East,Enterprise,61731.38,9,8,0.0257
2025-07-22,US-East,Pro,19281.13,9,5,0.0318
2025-07-22,US-East,Basic,5840.76,9,7,0.0358
2025-07-22,US-West,Enterprise,50618.06,8,4,0.0211
2025-07-22,US-West,Pro,14934.55,9,6,0.0277
2025-07-22,US-West,Basic,5511.52,9,9,0.0294
2025-07-22,Europe,Enterprise,46901.57,7,1,0.0286
2025-07-22,Europe,Pro,14223.21,11,8,0.0219
2025-07-22,Europe,Basic,4346.31,6,4,0.0238
2025-07-22,Asia,Enterprise,36583.32,4,7,0.0372
2025-07-22,Asia,Pro,11243.98,10,6,0.0276
2025-07-22,Asia,Basic,3504.23,7,6,0.0289
2025-07-23,US-East,Enterprise,55843.41,8,7,0.0285
2025-07-23,US-East,Pro,17314.15,11,7,0.0267
2025-07-23,US-East,Basic,5746.99,10,9,0.0376
2025-07-23,US-West,Enterprise,54268.25,12,8,0.0253
2025-07-23,US-West,Pro,14924.21,6,5,0.0183
2025-07-23,US-West,Basic,4906.81,9,8,0.0283
2025-07-23,Europe,Enterprise,43534.64,5,9,0.0317
2025-07-23,Europe,Pro,13841.58,7,4,0.0302
2025-07-23,Europe,Basic,4422.07,6,4,0.0373
2025-07-23,Asia,Enterprise,35430.83,5,4,0.0333
2025-07-23,Asia,Pro,10404.24,5,4,0.035
2025-07-23,Asia,Basic,3491.33,8,8,0.03
2025-07-24,US-East,Enterprise,59623.9,14,6,0.028
2025-07-24,US-East,Pro,16804.63,10,4,0.031
2025-07-24,US-East,Basic,5595.95,11,5,0.0331
2025-07-24,US-West,Enterprise,45416.15,7,6,0.0246
2025-07-24,US-West,Pro,15972.83,7,8,0.0317
2025-07-24,US-West,Basic,5219.95,8,6,0.0276
2025-07-24,Europe,Enterprise,43914.12,10,6,0.0284
2025-07-24,Europe,Pro,14110.23,7,4,0.0374
2025-07-24,Europe,Basic,4350.47,9,7,0.0364
2025-07-24,Asia,Enterprise,34021.38,4,8,0.0269
2025-07-24,Asia,Pro,11149.48,7,7,0.0315
2025-07-24,Asia,Basic,3832.14,7,3,0.0212
2025-07-25,US-East,Enterprise,61211.35,10,6,0.0389
2025-07-25,US-East,Pro,17331.16,13,6,0.0277
2025-07-25,US-East,Basic,5882.6,8,9,0.0269
2025-07-25,US-West,Enterprise,49097.43,10,9,0.0274
2025-07-25,US-West,Pro,16840.29,12,6,0.0262
2025-07-25,US-West,Basic,4930.12,10,3,0.0298
2025-07-25,Europe,Enterprise,43812.0,10,3,0.0348
2025-07-25,Europe,Pro,13016.76,9,5,0.0289
2025-07-25,Europe,Basic,4480.91,10,7,0.0288
2025-07-25,Asia,Enterprise,34085.7,9,6,0.0189
2025-07-25,Asia,Pro,10985.49,4,10,0.0382
2025-07-25,Asia,Basic,3494.75,4,5,0.0316
2025-07-26,US-East,Enterprise,36671.86,8,5,0.0265
2025-07-26,US-East,Pro,11370.03,7,10,0.033
2025-07-26,US-East,Basic,3361.26,5,6,0.0322
2025-07-26,US-West,Enterprise,29897.61,8,4,0.0341
2025-07-26,US-West,Pro,9657.2,5,2,0.0293
2025-07-26,US-West,Basic,2911.55,5,6,0.0309
2025-07-26,Europe,Enterprise,28235.03,9,1,0.0284
2025-07-26,Europe,Pro,7308.11,6,6,0.0286
2025-07-26,Europe,Basic,2620.9,3,3,0.0251
2025-07-26,Asia,Enterprise,22906.96,5,3,0.041
2025-07-26,Asia,Pro,6965.62,1,3,0.0271
2025-07-26,Asia,Basic,1900.93,6,10,0.0366
2025-07-27,US-East,Enterprise,35267.37,7,5,0.0272
2025-07-27,US-East,Pro,10778.72,6,9,0.0309
2025-07-27,US-East,Basic,3693.24,6,4,0.0337
2025-07-27,US-West,Enterprise,27766.49,7,4,0.0327
2025-07-27,US-West,Pro,8956.06,3,5,0.0362
2025-07-27,US-West,Basic,3082.02,3,5,0.0221
2025-07-27,Europe,Enterprise,26230.68,5,5,0.0278
2025-07-27,Europe,Pro,7848.56,6,4,0.0202
2025-07-27,Europe,Basic,2732.6,4,5,0.0198
2025-07-27,Asia,Enterprise,20865.18,4,3,0.0292
2025-07-27,Asia,Pro,6209.79,3,8,0.0254
2025-07-27,Asia,Basic,2222.09,1,10,0.0321
2025-07-28,US-East,Enterprise,56470.06,9,9,0.0204
2025-07-28,US-East,Pro,17158.62,9,8,0.0231
2025-07-28,US-East,Basic,5979.8,13,8,0.0277
2025-07-28,US-West,Enterprise,51887.77,9,5,0.0305
2025-07-28,US-West,Pro,14638.14,9,8,0.0325
2025-07-28,US-West,Basic,5095.56,12,6,0.0237
2025-07-28,Europe,Enterprise,43562.98,7,6,0.0292
2025-07-28,Europe,Pro,13671.32,4,7,0.0258
2025-07-28,Europe,Basic,4672.59,11,6,0.0274
2025-07-28,Asia,Enterprise,34718.73,5,9,0.0317
2025-07-28,Asia,Pro,9581.75,5,6,0.0173
2025-07-28,Asia,Basic,3632.83,6,9,0.0294
2025-07-29,US-East,Enterprise,56585.94,10,6,0.0325
2025-07-29,US-East,Pro,17771.53,11,8,0.0284
2025-07-29,US-East,Basic,6154.98,11,3,0.0285
2025-07-29,US-West,Enterprise,46829.75,10,5,0.0324
2025-07-29,US-West,Pro,14496.14,7,6,0.0342
2025-07-29,US-West,Basic,5293.46,9,9,0.0244
2025-07-29,Europe,Enterprise,45602.57,12,4,0.0257
2025-07-29,Europe,Pro,13077.45,8,6,0.0296
2025-07-29,Europe,Basic,3933.81,6,4,0.0314
2025-07-29,Asia,Enterprise,36952.61,7,9,0.0368
2025-07-29,Asia,Pro,9874.25,6,5,0.0316
2025-07-29,Asia,Basic,3338.63,6,4,0.03
2025-07-30,US-East,Enterprise,61652.36,11,11,0.0327
2025-07-30,US-East,Pro,16329.25,8,7,0.0186
2025-07-30,US-East,Basic,5929.64,11,7,0.0268
2025-07-30,US-West,Enterprise,47076.15,9,8,0.0303
2025-07-30,US-West,Pro,15005.53,9,2,0.0341
2025-07-30,US-West,Basic,5032.81,9,7,0.0294
2025-07-30,Europe,Enterprise,46532.95,7,10,0.0247
2025-07-30,Europe,Pro,14185.32,10,3,0.0331
2025-07-30,Europe,Basic,4608.67,9,6,0.0313
2025-07-30,Asia,Enterprise,35888.13,9,4,0.0262
2025-07-30,Asia,Pro,10351.32,8,8,0.0298
2025-07-30,Asia,Basic,3254.45,8,8,0.0292
2025-07-31,US-East,Enterprise,61270.44,9,4,0.0392
2025-07-31,US-East,Pro,17594.64,14,4,0.0314
2025-07-31,US-East,Basic,5973.58,13,1,0.0262
2025-07-31,US-West,Enterprise,48738.33,12,4,0.0358
2025-07-31,US-West,Pro,14773.39,17,10,0.0311
2025-07-31,US-West,Basic,4940.68,7,8,0.0325
2025-07-31,Europe,Enterprise,46141.71,9,3,0.0302
2025-07-31,Europe,Pro,13115.03,7,10,0.0288
2025-07-31,Europe,Basic,4378.79,7,4,0.0214
2025-07-31,Asia,Enterprise,33870.7,5,7,0.0206
2025-07-31,Asia,Pro,9129.96,5,8,0.0319
2025-07-31,Asia,Basic,3532.29,5,9,0.0421
2025-08-01,US-East,Enterprise,63442.38,12,6,0.0196
2025-08-01,US-East,Pro,18067.14,13,10,0.0242
2025-08-01,US-East,Basic,5728.65,9,8,0.0282
2025-08-01,US-West,Enterprise,51944.01,14,4,0.0228
2025-08-01,US-West,Pro,15757.43,7,4,0.0244
2025-08-01,US-West,Basic,5036.92,9,9,0.0218
2025-08-01,Europe,Enterprise,42345.83,8,4,0.0269
2025-08-01,Europe,Pro,13322.23,10,5,0.0252
2025-08-01,Europe,Basic,4727.19,6,6,0.0286
2025-08-01,Asia,Enterprise,36110.84,7,6,0.026
2025-08-01,Asia,Pro,11159.68,4,3,0.0325
2025-08-01,Asia,Basic,3596.62,6,6,0.0311
2025-08-02,US-East,Enterprise,38063.91,9,6,0.0372
2025-08-02,US-East,Pro,11134.79,8,6,0.0228
2025-08-02,US-East,Basic,3394.55,9,5,0.0211
2025-08-02,US-West,Enterprise,31202.31,8,12,0.0285
2025-08-02,US-West,Pro,8526.02,3,3,0.0345
2025-08-02,US-West,Basic,2827.68,4,6,0.0304
2025-08-02,Europe,Enterprise,25548.42,4,4,0.0229
2025-08-02,Europe,Pro,8010.64,6,6,0.0271
2025-08-02,Europe,Basic,2406.62,2,6,0.0382
2025-08-02,Asia,Enterprise,21837.75,6,5,0.0349
2025-08-02,Asia,Pro,6357.35,3,3,0.0336
2025-08-02,Asia,Basic,2148.83,3,7,0.0303
2025-08-03,US-East,Enterprise,34553.86,8,7,0.0423
2025-08-03,US-East,Pro,10346.43,6,7,0.0334
2025-08-03,US-East,Basic,3780.47,5,4,0.0309
2025-08-03,US-West,Enterprise,27575.94,7,6,0.0346
2025-08-03,US-West,Pro,8613.63,5,3,0.0182
2025-08-03,US-West,Basic,2836.57,9,7,0.0285
2025-08-03,Europe,Enterprise,25927.57,7,5,0.0402
2025-08-03,Europe,Pro,7368.38,5,3,0.0209
2025-08-03,Europe,Basic,2693.47,6,7,0.0295
2025-08-03,Asia,Enterprise,20802.84,4,16,0.0286
2025-08-03,Asia,Pro,6157.84,2,10,0.0354
2025-08-03,Asia,Basic,2228.6,1,5,0.027
2025-08-04,US-East,Enterprise,58616.06,12,5,0.0364
2025-08-04,US-East,Pro,17089.56,13,9,0.0306
2025-08-04,US-East,Basic,6290.45,7,8,0.0267
2025-08-04,US-West,Enterprise,49810.94,6,8,0.0316
2025-08-04,US-West,Pro,14517.13,10,6,0.0336
2025-08-04,US-West,Basic,5000.4,10,2,0.0254
2025-08-04,Europe,Enterprise,46864.46,9,7,0.0251
2025-08-04,Europe,Pro,13329.63,7,4,0.0289
2025-08-04,Europe,Basic,4283.22,6,5,0.0289
2025-08-04,Asia,Enterprise,33076.31,5,4,0.0312
2025-08-04,Asia,Pro,9558.89,8,5,0.0369
2025-08-04,Asia,Basic,3576.87,8,3,0.0247
2025-08-05,US-East,Enterprise,55670.39,7,6,0.0348
2025-08-05,US-East,Pro,17667.31,11,9,0.026
2025-08-05,US-East,Basic,5941.95,12,9,0.0237
2025-08-05,US-West,Enterprise,52150.69,10,7,0.0373
2025-08-05,US-West,Pro,15460.28,10,4,0.0372
2025-08-05,US-West,Basic,4926.29,7,6,0.0313
2025-08-05,Europe,Enterprise,39740.14,8,6,0.0309
2025-08-05,Europe,Pro,12751.28,6,4,0.0283
2025-08-05,Europe,Basic,4396.34,9,5,0.0354
2025-08-05,Asia,Enterprise,34279.73,9,5,0.028
2025-08-05,Asia,Pro,9945.57,10,7,0.0292
2025-08-05,Asia,Basic,3564.18,8,7,0.029
2025-08-06,US-East,Enterprise,60449.96,8,4,0.0306
2025-08-06,US-East,Pro,18735.6,13,5,0.0295
2025-08-06,US-East,Basic,6153.12,15,5,0.0291
2025-08-06,US-West,Enterprise,48222.32,10,10,0.0328
2025-08-06,US-West,Pro,14682.55,9,7,0.028
2025-08-06,US-West,Basic,5135.46,9,6,0.0271
2025-08-06,Europe,Enterprise,44325.95,6,2,0.033
2025-08-06,Europe,Pro,12580.22,8,5,0.0304
2025-08-06,Europe,Basic,4384.54,11,5,0.0283
2025-08-06,Asia,Enterprise,36992.33,7,5,0.0177
2025-08-06,Asia,Pro,9583.93,5,5,0.0254
2025-08-06,Asia,Basic,3546.79,7,8,0.0327
2025-08-07,US-East,Enterprise,57426.48,12,6,0.0248
2025-08-07,US-East,Pro,16247.59,14,5,0.0395
2025-08-07,US-East,Basic,5880.44,10,4,0.0353
2025-08-07,US-West,Enterprise,50141.66,7,5,0.0265
2025-08-07,US-West,Pro,14583.61,6,5,0.0312
2025-08-07,US-West,Basic,5003.87,12,10,0.0245
2025-08-07,Europe,Enterprise,40446.0,7,2,0.0392
2025-08-07,Europe,Pro,13367.12,9,6,0.0217
2025-08-07,Europe,Basic,4274.8,8,4,0.0209
2025-08-07,Asia,Enterprise,35987.27,10,2,0.0268
2025-08-07,Asia,Pro,10695.39,2,5,0.0367
2025-08-07,Asia,Basic,3363.79,5,3,0.0282
2025-08-08,US-East,Enterprise,58139.58,15,3,0.0292
2025-08-08,US-East,Pro,16868.5,7,5,0.0332
2025-08-08,US-East,Basic,5535.01,9,7,0.021
2025-08-08,US-West,Enterprise,46200.99,6,4,0.0281
2025-08-08,US-West,Pro,13986.99,11,7,0.0309
2025-08-08,US-West,Basic,5062.05,11,7,0.0298
2025-08-08,Europe,Enterprise,46211.64,12,5,0.0415
2025-08-08,Europe,Pro,13368.6,5,3,0.0264
2025-08-08,Europe,Basic,4203.87,6,7,0.0307
2025-08-08,Asia,Enterprise,36209.06,7,2,0.0303
2025-08-08,Asia,Pro,10519.59,7,5,0.0412
2025-08-08,Asia,Basic,3448.14,3,5,0.0249
2025-08-09,US-East,Enterprise,34943.46,5,7,0.0313
2025-08-09,US-East,Pro,10027.11,9,8,0.0284
2025-08-09,US-East,Basic,3625.01,8,7,0.022
2025-08-09,US-West,Enterprise,28108.99,3,2,0.0275
2025-08-09,US-West,Pro,9063.61,6,5,0.0356
2025-08-09,US-West,Basic,3027.24,3,6,0.0318
2025-08-09,Europe,Enterprise,25716.07,4,5,0.0261
2025-08-09,Europe,Pro,7946.11,7,2,0.0252
2025-08-09,Europe,Basic,2659.26,3,10,0.0319
2025-08-09,Asia,Enterprise,20373.65,5,2,0.0362
2025-08-09,Asia,Pro,6088.64,1,8,0.031
2025-08-09,Asia,Basic,1950.44,5,5,0.0237
2025-08-10,US-East,Enterprise,34581.21,5,4,0.0286
2025-08-10,US-East,Pro,9962.78,8,6,0.0229
2025-08-10,US-East,Basic,3403.14,5,11,0.0331
2025-08-10,US-West,Enterprise,27933.8,5,7,0.0355
2025-08-10,US-West,Pro,9327.49,6,5,0.0318
2025-08-10,US-West,Basic,2765.33,3,4,0.0378
2025-08-10,Europe,Enterprise,25896.67,4,6,0.0231
2025-08-10,Europe,Pro,7644.26,2,1,0.0395
2025-08-10,Europe,Basic,2420.03,4,11,0.0314
2025-08-10,Asia,Enterprise,20631.47,1,6,0.0375
2025-08-10,Asia,Pro,6046.81,5,6,0.0257
2025-08-10,Asia,Basic,2166.84,6,5,0.0351
2025-08-11,US-East,Enterprise,61652.55,10,10,0.0346
2025-08-11,US-East,Pro,17219.87,10,6,0.0337
2025-08-11,US-East,Basic,5502.38,14,6,0.0349
2025-08-11,US-West,Enterprise,51809.18,9,7,0.0279
2025-08-11,US-West,Pro,13940.18,11,4,0.0302
2025-08-11,US-West,Basic,4661.56,12,7,0.033
2025-08-11,Europe,Enterprise,40952.18,6,4,0.0304
2025-08-11,Europe,Pro,12024.85,9,4,0.0311
2025-08-11,Europe,Basic,3593.24,10,4,0.0272
2025-08-11,Asia,Enterprise,37997.78,4,5,0.0275
2025-08-11,Asia,Pro,9574.84,5,9,0.0287
2025-08-11,Asia,Basic,3487.4,2,6,0.0306
2025-08-12,US-East,Enterprise,57255.5,10,6,0.0212
2025-08-12,US-East,Pro,16872.56,11,4,0.0388
2025-08-12,US-East,Basic,6147.86,12,7,0.0258
2025-08-12,US-West,Enterprise,47765.96,11,3,0.0243
2025-08-12,US-West,Pro,15280.83,9,6,0.0258
2025-08-12,US-West,Basic,4927.06,10,5,0.0299
2025-08-12,Europe,Enterprise,35574.29,10,3,0.0325
2025-08-12,Europe,Pro,11276.89,8,5,0.0359
2025-08-12,Europe,Basic,3590.4,7,5,0.0305
2025-08-12,Asia,Enterprise,33279.01,2,4,0.0407
2025-08-12,Asia,Pro,10016.56,9,6,0.033
2025-08-12,Asia,Basic,3825.26,7,4,0.0285
2025-08-13,US-East,Enterprise,51272.94,10,3,0.0293
2025-08-13,US-East,Pro,17355.08,10,7,0.0362
2025-08-13,US-East,Basic,5517.59,11,6,0.0255
2025-08-13,US-West,Enterprise,48658.92,9,6,0.0315
2025-08-13,US-West,Pro,13466.48,9,5,0.0242
2025-08-13,US-West,Basic,4693.77,8,5,0.0296
2025-08-13,Europe,Enterprise,31928.4,11,7,0.0333
2025-08-13,Europe,Pro,9612.83,5,5,0.039
2025-08-13,Europe,Basic,3275.64,8,6,0.0417
2025-08-13,Asia,Enterprise,34100.65,7,4,0.0405
2025-08-13,Asia,Pro,11170.68,9,2,0.031
2025-08-13,Asia,Basic,3873.58,6,4,0.0298
2025-08-14,US-East,Enterprise,53304.19,8,11,0.0242
2025-08-14,US-East,Pro,16563.42,10,4,0.0334
2025-08-14,US-East,Basic,5677.73,9,6,0.0334
2025-08-14,US-West,Enterprise,47162.54,8,5,0.0214
2025-08-14,US-West,Pro,14255.61,5,7,0.0347
2025-08-14,US-West,Basic,4816.33,10,9,0.0304
2025-08-14,Europe,Enterprise,31733.35,9,6,0.0426
2025-08-14,Europe,Pro,8582.36,6,2,0.0295
2025-08-14,Europe,Basic,2890.01,9,9,0.0569
2025-08-14,Asia,Enterprise,33440.95,5,3,0.0309
2025-08-14,Asia,Pro,10043.13,9,7,0.0373
2025-08-14,Asia,Basic,3318.72,7,4,0.023
2025-08-15,US-East,Enterprise,56984.13,11,3,0.0299
2025-08-15,US-East,Pro,18348.47,13,5,0.0293
2025-08-15,US-East,Basic,6295.46,12,5,0.0303
2025-08-15,US-West,Enterprise,46421.32,11,7,0.0261
2025-08-15,US-West,Pro,12888.42,8,4,0.0313
2025-08-15,US-West,Basic,5111.12,11,6,0.0329
2025-08-15,Europe,Enterprise,28909.82,9,1,0.0386
2025-08-15,Europe,Pro,7940.44,10,8,0.0603
2025-08-15,Europe,Basic,2628.41,7,4,0.048
2025-08-15,Asia,Enterprise,33769.55,7,9,0.0364
2025-08-15,Asia,Pro,10656.21,7,4,0.0339
2025-08-15,Asia,Basic,3290.35,5,5,0.0304
2025-08-16,US-East,Enterprise,34660.65,6,7,0.037
2025-08-16,US-East,Pro,10732.23,6,4,0.0314
2025-08-16,US-East,Basic,3501.22,8,8,0.0306
2025-08-16,US-West,Enterprise,30821.11,5,8,0.0304
2025-08-16,US-West,Pro,9098.77,6,7,0.026
2025-08-16,US-West,Basic,2925.65,7,4,0.0263
2025-08-16,Europe,Enterprise,11788.88,6,7,0.0398
2025-08-16,Europe,Pro,3863.03,4,7,0.0406
2025-08-16,Europe,Basic,1346.55,2,7,0.0416
2025-08-16,Asia,Enterprise,20857.31,3,6,0.0249
2025-08-16,Asia,Pro,6386.05,5,1,0.027
2025-08-16,Asia,Basic,1929.25,5,7,0.0239
2025-08-17,US-East,Enterprise,34467.84,5,4,0.0328
2025-08-17,US-East,Pro,9591.59,6,7,0.0218
2025-08-17,US-East,Basic,3249.98,4,3,0.0271
2025-08-17,US-West,Enterprise,28503.32,7,9,0.0275
2025-08-17,US-West,Pro,9111.97,6,8,0.0176
2025-08-17,US-West,Basic,2742.89,7,9,0.027
2025-08-17,Europe,Enterprise,26014.2,5,7,0.0207
2025-08-17,Europe,Pro,8068.95,6,5,0.0395
2025-08-17,Europe,Basic,2835.09,5,4,0.0344
2025-08-17,Asia,Enterprise,19051.18,4,7,0.0277
2025-08-17,Asia,Pro,5802.84,1,6,0.0289
2025-08-17,Asia,Basic,2004.44,5,11,0.0204
2025-08-18,US-East,Enterprise,55177.0,14,6,0.0288
2025-08-18,US-East,Pro,17379.22,11,8,0.031
2025-08-18,US-East,Basic,5043.06,12,8,0.035
2025-08-18,US-West,Enterprise,47213.2,7,3,0.0187
2025-08-18,US-West,Pro,16013.12,8,7,0.0287
2025-08-18,US-West,Basic,4544.93,10,4,0.0386
2025-08-18,Europe,Enterprise,44676.24,6,5,0.0311
2025-08-18,Europe,Pro,13306.88,8,5,0.0394
2025-08-18,Europe,Basic,4303.27,7,9,0.0333
2025-08-18,Asia,Enterprise,36210.96,10,4,0.0376
2025-08-18,Asia,Pro,10523.43,8,3,0.0324
2025-08-18,Asia,Basic,3416.57,8,5,0.0362
2025-08-19,US-East,Enterprise,53559.81,9,5,0.0295
2025-08-19,US-East,Pro,16309.2,8,5,0.0325
2025-08-19,US-East,Basic,5885.6,10,8,0.0327
2025-08-19,US-West,Enterprise,53057.86,12,7,0.0411
2025-08-19,US-West,Pro,13983.65,7,3,0.0351
2025-08-19,US-West,Basic,4529.93,9,3,0.0316
2025-08-19,Europe,Enterprise,42001.13,11,5,0.0305
2025-08-19,Europe,Pro,13168.74,9,2,0.0331
2025-08-19,Europe,Basic,3907.67,10,7,0.0278
2025-08-19,Asia,Enterprise,32712.95,5,7,0.02
2025-08-19,Asia,Pro,10152.78,4,9,0.0362
2025-08-19,Asia,Basic,3139.01,5,3,0.0283
2025-08-20,US-East,Enterprise,57483.55,10,4,0.0295
2025-08-20,US-East,Pro,17100.98,10,9,0.0267
2025-08-20,US-East,Basic,5891.04,12,11,0.0281
2025-08-20,US-West,Enterprise,48009.77,5,7,0.0299
2025-08-20,US-West,Pro,13859.56,8,7,0.025
2025-08-20,US-West,Basic,4730.55,9,4,0.0264
2025-08-20,Europe,Enterprise,46637.81,8,6,0.0266
2025-08-20,Europe,Pro,12087.86,10,5,0.0358
2025-08-20,Europe,Basic,4209.77,7,7,0.0285
2025-08-20,Asia,Enterprise,33625.04,3,5,0.0294
2025-08-20,Asia,Pro,11221.29,4,6,0.024
2025-08-20,Asia,Basic,3385.71,7,4,0.0375
2025-08-21,US-East,Enterprise,52385.98,13,2,0.0336
2025-08-21,US-East,Pro,16048.5,9,4,0.0347
2025-08-21,US-East,Basic,5340.54,11,8,0.0321
2025-08-21,US-West,Enterprise,45004.39,8,6,0.0355
2025-08-21,US-West,Pro,13672.75,12,2,0.023
2025-08-21,US-West,Basic,4612.97,8,6,0.0187
2025-08-21,Europe,Enterprise,44001.55,12,4,0.03
2025-08-21,Europe,Pro,12405.28,10,7,0.0336
2025-08-21,Europe,Basic,3965.31,10,5,0.0322
2025-08-21,Asia,Enterprise,34889.07,8,2,0.0286
2025-08-21,Asia,Pro,10659.61,10,8,0.0363
2025-08-21,Asia,Basic,3513.6,8,3,0.0216
2025-08-22,US-East,Enterprise,55902.96,10,5,0.0224
2025-08-22,US-East,Pro,16144.73,12,10,0.0238
2025-08-22,US-East,Basic,5303.19,8,4,0.0319
2025-08-22,US-West,Enterprise,41552.81,8,8,0.0263
2025-08-22,US-West,Pro,13900.82,8,5,0.0361
2025-08-22,US-West,Basic,4469.77,8,5,0.0314
2025-08-22,Europe,Enterprise,42534.71,9,5,0.0358
2025-08-22,Europe,Pro,13083.09,9,2,0.0289
2025-08-22,Europe,Basic,4601.96,6,6,0.0371
2025-08-22,Asia,Enterprise,31909.57,6,2,0.025
2025-08-22,Asia,Pro,10302.07,4,2,0.0296
2025-08-22,Asia,Basic,3005.96,6,6,0.0318
2025-08-23,US-East,Enterprise,34388.34,7,7,0.0252
2025-08-23,US-East,Pro,9445.23,3,6,0.0303
2025-08-23,US-East,Basic,3564.95,8,5,0.0338
2025-08-23,US-West,Enterprise,27916.32,8,11,0.0391
2025-08-23,US-West,Pro,8179.58,9,9,0.0241
2025-08-23,US-West,Basic,2769.36,3,7,0.0307
2025-08-23,Europe,Enterprise,26254.37,6,6,0.0229
2025-08-23,Europe,Pro,7044.13,8,7,0.0356
2025-08-23,Europe,Basic,2407.79,5,6,0.0274
2025-08-23,Asia,Enterprise,21218.44,2,3,0.0282
2025-08-23,Asia,Pro,5878.01,1,7,0.0415
2025-08-23,Asia,Basic,2034.86,2,5,0.0366
2025-08-24,US-East,Enterprise,36559.94,10,11,0.0276
2025-08-24,US-East,Pro,9666.77,4,5,0.0322
2025-08-24,US-East,Basic,3341.27,3,4,0.0262
2025-08-24,US-West,Enterprise,28506.42,6,6,0.0324
2025-08-24,US-West,Pro,8615.9,2,8,0.0302
2025-08-24,US-West,Basic,2646.99,5,5,0.0361
2025-08-24,Europe,Enterprise,25558.26,5,9,0.0313
2025-08-24,Europe,Pro,7855.11,9,9,0.0241
2025-08-24,Europe,Basic,2555.23,7,5,0.0294
2025-08-24,Asia,Enterprise,20015.83,2,4,0.0304
2025-08-24,Asia,Pro,6081.92,4,5,0.0402
2025-08-24,Asia,Basic,1971.63,8,9,0.0296
2025-08-25,US-East,Enterprise,59664.69,12,4,0.0297
2025-08-25,US-East,Pro,17302.0,13,7,0.0356
2025-08-25,US-East,Basic,5563.38,6,8,0.0267
2025-08-25,US-West,Enterprise,47402.43,11,12,0.0224
2025-08-25,US-West,Pro,14233.07,12,2,0.031
2025-08-25,US-West,Basic,4786.0,8,6,0.0238
2025-08-25,Europe,Enterprise,39004.98,6,4,0.0319
2025-08-25,Europe,Pro,11206.7,9,6,0.0247
2025-08-25,Europe,Basic,4034.25,6,6,0.0297
2025-08-25,Asia,Enterprise,29960.96,4,3,0.0232
2025-08-25,Asia,Pro,9933.48,5,4,0.0264
2025-08-25,Asia,Basic,3220.43,6,3,0.0295
2025-08-26,US-East,Enterprise,61308.91,10,5,0.031
2025-08-26,US-East,Pro,16645.56,10,8,0.0262
2025-08-26,US-East,Basic,5355.96,12,9,0.0237
2025-08-26,US-West,Enterprise,45510.31,7,6,0.0253
2025-08-26,US-West,Pro,13004.42,9,8,0.0293
2025-08-26,US-West,Basic,4868.12,11,9,0.029
2025-08-26,Europe,Enterprise,40161.2,7,5,0.0298
2025-08-26,Europe,Pro,12538.9,7,1,0.0308
2025-08-26,Europe,Basic,4582.8,11,3,0.0281
2025-08-26,Asia,Enterprise,31004.05,5,5,0.0334
2025-08-26,Asia,Pro,9370.18,7,6,0.0216
2025-08-26,Asia,Basic,3295.54,9,5,0.0291
2025-08-27,US-East,Enterprise,51325.24,9,9,0.0346
2025-08-27,US-East,Pro,16509.83,13,2,0.0278
2025-08-27,US-East,Basic,5582.14,11,8,0.0263
2025-08-27,US-West,Enterprise,47693.91,9,4,0.0314
2025-08-27,US-West,Pro,14113.23,8,4,0.0324
2025-08-27,US-West,Basic,4569.45,10,7,0.0308
2025-08-27,Europe,Enterprise,44351.52,9,3,0.0279
2025-08-27,Europe,Pro,12054.57,8,4,0.0303
2025-08-27,Europe,Basic,4292.2,4,7,0.0318
2025-08-27,Asia,Enterprise,32359.03,8,8,0.031
2025-08-27,Asia,Pro,10160.94,8,3,0.026
2025-08-27,Asia,Basic,3455.68,6,2,0.0284
2025-08-28,US-East,Enterprise,56897.93,9,3,0.0258
2025-08-28,US-East,Pro,16404.78,9,7,0.0248
2025-08-28,US-East,Basic,5475.77,10,7,0.0356
2025-08-28,US-West,Enterprise,46983.6,9,5,0.0317
2025-08-28,US-West,Pro,13841.52,7,6,0.029
2025-08-28,US-West,Basic,4340.97,8,11,0.0287
2025-08-28,Europe,Enterprise,37823.45,5,4,0.0274
2025-08-28,Europe,Pro,12743.55,9,5,0.0256
2025-08-28,Europe,Basic,4251.19,6,12,0.0347
2025-08-28,Asia,Enterprise,33895.28,7,5,0.0249
2025-08-28,Asia,Pro,9517.64,4,5,0.0323
2025-08-28,Asia,Basic,3447.89,7,5,0.0388
2025-08-29,US-East,Enterprise,54828.44,11,9,0.0333
2025-08-29,US-East,Pro,18089.56,12,7,0.035
2025-08-29,US-East,Basic,5243.29,8,6,0.029
2025-08-29,US-West,Enterprise,48868.62,8,1,0.0335
2025-08-29,US-West,Pro,12944.12,10,8,0.0361
2025-08-29,US-West,Basic,4601.21,6,5,0.0187
2025-08-29,Europe,Enterprise,38489.05,6,4,0.0216
2025-08-29,Europe,Pro,12524.25,7,4,0.0205
2025-08-29,Europe,Basic,4228.25,7,6,0.0401
2025-08-29,Asia,Enterprise,31767.04,5,9,0.0288
2025-08-29,Asia,Pro,11216.26,11,8,0.0274
2025-08-29,Asia,Basic,3404.29,5,1,0.0328
2025-08-30,US-East,Enterprise,31622.81,5,10,0.0283
2025-08-30,US-East,Pro,10594.42,5,14,0.0264
2025-08-30,US-East,Basic,3189.94,4,6,0.0318
2025-08-30,US-West,Enterprise,26775.36,6,8,0.033
2025-08-30,US-West,Pro,8276.28,5,3,0.0334
2025-08-30,US-West,Basic,2710.23,8,2,0.0331
2025-08-30,Europe,Enterprise,23851.58,4,7,0.0337
2025-08-30,Europe,Pro,7438.87,6,5,0.038
2025-08-30,Europe,Basic,2446.14,3,5,0.0236
2025-08-30,Asia,Enterprise,19810.53,6,7,0.0339
2025-08-30,Asia,Pro,5832.56,7,9,0.0348
2025-08-30,Asia,Basic,1833.33,1,2,0.0338
2025-08-31,US-East,Enterprise,29366.67,6,3,0.0296
2025-08-31,US-East,Pro,9478.04,7,5,0.0384
2025-08-31,US-East,Basic,3358.42,9,3,0.0288
2025-08-31,US-West,Enterprise,26040.45,2,8,0.0329
2025-08-31,US-West,Pro,8367.23,6,3,0.0386
2025-08-31,US-West,Basic,2794.61,4,5,0.0322
2025-08-31,Europe,Enterprise,25337.83,4,6,0.0374
2025-08-31,Europe,Pro,7472.97,6,11,0.0344
2025-08-31,Europe,Basic,2565.18,3,5,0.0343
2025-08-31,Asia,Enterprise,19714.54,2,5,0.0361
2025-08-31,Asia,Pro,5852.09,4,6,0.0318
2025-08-31,Asia,Basic,1847.61,3,7,0.0232
2025-09-01,US-East,Enterprise,57119.08,15,6,0.035
2025-09-01,US-East,Pro,17729.32,9,3,0.0331
2025-09-01,US-East,Basic,5511.57,9,5,0.0264
2025-09-01,US-West,Enterprise,47378.25,10,3,0.0313
2025-09-01,US-West,Pro,14442.27,6,2,0.0308
2025-09-01,US-West,Basic,4658.55,3,5,0.0332
2025-09-01,Europe,Enterprise,39404.9,10,6,0.0309
2025-09-01,Europe,Pro,11960.41,6,7,0.0331
2025-09-01,Europe,Basic,3852.56,8,8,0.0331
2025-09-01,Asia,Enterprise,33707.14,8,1,0.024
2025-09-01,Asia,Pro,9109.36,6,6,0.0332
2025-09-01,Asia,Basic,3036.56,7,5,0.0274
2025-09-02,US-East,Enterprise,54261.34,10,9,0.023
2025-09-02,US-East,Pro,15880.38,10,6,0.0222
2025-09-02,US-East,Basic,5633.87,11,4,0.0232
2025-09-02,US-West,Enterprise,47817.8,10,6,0.0286
2025-09-02,US-West,Pro,13624.2,12,4,0.029
2025-09-02,US-West,Basic,4760.93,11,7,0.0378
2025-09-02,Europe,Enterprise,38715.77,9,6,0.0301
2025-09-02,Europe,Pro,12683.97,9,8,0.0304
2025-09-02,Europe,Basic,3989.35,8,5,0.0268
2025-09-02,Asia,Enterprise,30217.62,5,5,0.0377
2025-09-02,Asia,Pro,9247.75,8,6,0.0303
2025-09-02,Asia,Basic,2980.5,6,6,0.0288
2025-09-03,US-East,Enterprise,50136.02,13,7,0.0281
2025-09-03,US-East,Pro,17239.49,13,6,0.0309
2025-09-03,US-East,Basic,5736.09,14,7,0.0311
2025-09-03,US-West,Enterprise,50490.79,11,8,0.034
2025-09-03,US-West,Pro,13751.57,4,0,0.0285
2025-09-03,US-West,Basic,4752.86,10,6,0.0272
2025-09-03,Europe,Enterprise,35709.87,7,6,0.0304
2025-09-03,Europe,Pro,12280.25,10,3,0.0357
2025-09-03,Europe,Basic,3885.25,6,4,0.0358
2025-09-03,Asia,Enterprise,34126.95,9,5,0.027
2025-09-03,Asia,Pro,9510.98,5,5,0.031
2025-09-03,Asia,Basic,3291.04,6,5,0.0305
2025-09-04,US-East,Enterprise,55382.8,14,5,0.0356
2025-09-04,US-East,Pro,15065.18,9,4,0.0247
2025-09-04,US-East,Basic,5546.86,12,9,0.0372
2025-09-04,US-West,Enterprise,48438.58,7,4,0.0329
2025-09-04,US-West,Pro,13465.98,6,6,0.0192
2025-09-04,US-West,Basic,4830.68,9,8,0.0326
2025-09-04,Europe,Enterprise,41196.81,5,8,0.0235
2025-09-04,Europe,Pro,12325.29,6,5,0.0202
2025-09-04,Europe,Basic,4359.17,5,8,0.0361
2025-09-04,Asia,Enterprise,32934.25,7,7,0.0282
2025-09-04,Asia,Pro,10346.02,10,6,0.0275
2025-09-04,Asia,Basic,3476.51,7,6,0.0344
2025-09-05,US-East,Enterprise,51963.15,9,3,0.0281
2025-09-05,US-East,Pro,16211.12,12,6,0.0403
2025-09-05,US-East,Basic,5448.84,6,6,0.0225
2025-09-05,US-West,Enterprise,37944.5,9,2,0.0346
2025-09-05,US-West,Pro,14765.54,8,6,0.036
2025-09-05,US-West,Basic,4685.65,11,11,0.0328
2025-09-05,Europe,Enterprise,40744.23,5,4,0.0232
2025-09-05,Europe,Pro,11108.7,5,5,0.0258
2025-09-05,Europe,Basic,3979.42,6,7,0.0297
2025-09-05,Asia,Enterprise,32227.82,5,3,0.0287
2025-09-05,Asia,Pro,10354.97,8,2,0.0266
2025-09-05,Asia,Basic,3161.91,4,3,0.0389
2025-09-06,US-East,Enterprise,31366.85,5,8,0.0306
2025-09-06,US-East,Pro,9263.47,6,9,0.0202
2025-09-06,US-East,Basic,3473.01,8,9,0.0288
2025-09-06,US-West,Enterprise,26372.25,3,8,0.0284
2025-09-06,US-West,Pro,7593.27,4,5,0.0293
2025-09-06,US-West,Basic,2730.6,3,5,0.0287
2025-09-06,Europe,Enterprise,25222.32,6,5,0.0289
2025-09-06,Europe,Pro,7448.26,5,3,0.0274
2025-09-06,Europe,Basic,2544.84,3,9,0.0304
2025-09-06,Asia,Enterprise,20260.26,6,6,0.0264
2025-09-06,Asia,Pro,5731.78,4,2,0.0334
2025-09-06,Asia,Basic,1844.11,4,9,0.0324
2025-09-07,US-East,Enterprise,32693.69,6,6,0.0363
2025-09-07,US-East,Pro,9675.85,4,4,0.0306
2025-09-07,US-East,Basic,2966.21,3,5,0.0353
2025-09-07,US-West,Enterprise,27525.41,2,5,0.03
2025-09-07,US-West,Pro,7610.92,5,1,0.0179
2025-09-07,US-West,Basic,2671.57,5,7,0.0247
2025-09-07,Europe,Enterprise,23167.66,6,6,0.0314
2025-09-07,Europe,Pro,7189.68,7,9,0.0305
2025-09-07,Europe,Basic,2570.89,2,8,0.0217
2025-09-07,Asia,Enterprise,19488.51,5,2,0.0234
2025-09-07,Asia,Pro,5787.0,6,4,0.0278
2025-09-07,Asia,Basic,1922.98,2,7,0.0225
2025-09-08,US-East,Enterprise,53387.76,10,9,0.0255
2025-09-08,US-East,Pro,15685.94,11,6,0.0197
2025-09-08,US-East,Basic,4696.26,10,8,0.0313
2025-09-08,US-West,Enterprise,43951.14,10,4,0.0184
2025-09-08,US-West,Pro,13358.81,7,10,0.037
2025-09-08,US-West,Basic,4588.8,10,4,0.0373
2025-09-08,Europe,Enterprise,40959.4,9,10,0.0271
2025-09-08,Europe,Pro,11896.52,10,8,0.0263
2025-09-08,Europe,Basic,3724.61,6,2,0.0213
2025-09-08,Asia,Enterprise,31576.07,10,6,0.0333
2025-09-08,Asia,Pro,9861.27,5,5,0.0283
2025-09-08,Asia,Basic,3005.75,7,7,0.0367
2025-09-09,US-East,Enterprise,51296.92,9,9,0.03
2025-09-09,US-East,Pro,16947.26,11,6,0.032
2025-09-09,US-East,Basic,5539.67,8,6,0.0196
2025-09-09,US-West,Enterprise,44813.64,8,2,0.0318
2025-09-09,US-West,Pro,13837.53,9,3,0.0336
2025-09-09,US-West,Basic,4474.29,7,3,0.023
2025-09-09,Europe,Enterprise,41872.29,7,5,0.0392
2025-09-09,Europe,Pro,13104.03,9,7,0.0293
2025-09-09,Europe,Basic,4169.48,8,6,0.0256
2025-09-09,Asia,Enterprise,29569.21,7,8,0.0251
2025-09-09,Asia,Pro,9466.08,6,8,0.0327
2025-09-09,Asia,Basic,3039.68,9,6,0.0292
2025-09-10,US-East,Enterprise,54005.59,14,6,0.0298
2025-09-10,US-East,Pro,16807.64,7,7,0.0232
2025-09-10,US-East,Basic,5220.88,10,6,0.0348
2025-09-10,US-West,Enterprise,44093.89,11,7,0.0256
2025-09-10,US-West,Pro,14476.47,12,9,0.0248
2025-09-10,US-West,Basic,4539.05,10,7,0.0243
2025-09-10,Europe,Enterprise,41513.03,7,5,0.0317
2025-09-10,Europe,Pro,10928.9,2,6,0.0183
2025-09-10,Europe,Basic,4031.91,8,2,0.0301
2025-09-10,Asia,Enterprise,31223.41,6,4,0.0339
2025-09-10,Asia,Pro,8818.03,9,8,0.0335
2025-09-10,Asia,Basic,3215.81,4,7,0.0274
2025-09-11,US-East,Enterprise,49674.03,9,4,0.0243
2025-09-11,US-East,Pro,15673.67,9,5,0.0312
2025-09-11,US-East,Basic,5083.9,11,11,0.0308
2025-09-11,US-West,Enterprise,42987.09,10,6,0.0209
2025-09-11,US-West,Pro,14315.69,9,11,0.0306
2025-09-11,US-West,Basic,4305.66,6,8,0.0321
2025-09-11,Europe,Enterprise,40007.81,10,9,0.0359
2025-09-11,Europe,Pro,10740.17,7,3,0.0303
2025-09-11,Europe,Basic,4282.99,10,4,0.0284
2025-09-11,Asia,Enterprise,30843.72,7,7,0.0296
2025-09-11,Asia,Pro,9149.66,9,10,0.0352
2025-09-11,Asia,Basic,3228.23,10,4,0.0276
2025-09-12,US-East,Enterprise,56474.29,8,5,0.0343
2025-09-12,US-East,Pro,15717.07,10,13,0.0263
2025-09-12,US-East,Basic,5430.64,15,4,0.0319
2025-09-12,US-West,Enterprise,49915.42,9,8,0.0295
2025-09-12,US-West,Pro,12434.01,4,5,0.0293
2025-09-12,US-West,Basic,4331.71,7,3,0.0239
2025-09-12,Europe,Enterprise,39569.4,8,7,0.0334
2025-09-12,Europe,Pro,11513.23,8,9,0.0253
2025-09-12,Europe,Basic,4121.65,3,6,0.0267
2025-09-12,Asia,Enterprise,31341.98,6,8,0.0268
2025-09-12,Asia,Pro,9046.43,9,6,0.0221
2025-09-12,Asia,Basic,3441.97,9,4,0.028
2025-09-13,US-East,Enterprise,31430.97,6,4,0.0288
2025-09-13,US-East,Pro,9315.01,6,6,0.038
2025-09-13,US-East,Basic,3247.37,8,2,0.0469
2025-09-13,US-West,Enterprise,27320.47,6,4,0.0244
2025-09-13,US-West,Pro,7838.22,4,5,0.0325
2025-09-13,US-West,Basic,2562.45,5,2,0.0327
2025-09-13,Europe,Enterprise,25558.2,8,4,0.0363
2025-09-13,Europe,Pro,6631.54,2,3,0.0299
2025-09-13,Europe,Basic,2421.76,7,7,0.0331
2025-09-13,Asia,Enterprise,20917.31,3,4,0.0258
2025-09-13,Asia,Pro,5629.25,7,9,0.0263
2025-09-13,Asia,Basic,1812.87,5,9,0.0356
2025-09-14,US-East,Enterprise,30411.56,5,6,0.0368
2025-09-14,US-East,Pro,8770.97,4,14,0.0309
2025-09-14,US-East,Basic,3361.13,4,3,0.0305
2025-09-14,US-West,Enterprise,24071.35,6,4,0.0341
2025-09-14,US-West,Pro,8429.28,4,4,0.0298
2025-09-14,US-West,Basic,2468.15,2,9,0.0311
2025-09-14,Europe,Enterprise,24558.28,2,4,0.0276
2025-09-14,Europe,Pro,7785.35,6,4,0.0328
2025-09-14,Europe,Basic,2355.57,1,6,0.0372
2025-09-14,Asia,Enterprise,19246.34,3,7,0.0321
2025-09-14,Asia,Pro,5323.12,5,11,0.0252
2025-09-14,Asia,Basic,1799.8,4,3,0.0304
2025-09-15,US-East,Enterprise,55474.15,10,6,0.032
2025-09-15,US-East,Pro,16829.41,9,4,0.0263
2025-09-15,US-East,Basic,5209.8,8,5,0.0281
2025-09-15,US-West,Enterprise,43115.86,6,6,0.034
2025-09-15,US-West,Pro,13511.94,12,6,0.0308
2025-09-15,US-West,Basic,4369.11,8,3,0.0297
2025-09-15,Europe,Enterprise,38622.95,8,5,0.0285
2025-09-15,Europe,Pro,11769.95,5,7,0.0372
2025-09-15,Europe,Basic,4074.36,9,4,0.0377
2025-09-15,Asia,Enterprise,29461.94,5,8,0.0256
2025-09-15,Asia,Pro,9176.19,5,4,0.0262
2025-09-15,Asia,Basic,3242.31,5,1,0.0353
2025-09-16,US-East,Enterprise,50024.71,9,8,0.027
2025-09-16,US-East,Pro,16723.58,11,7,0.0228
2025-09-16,US-East,Basic,4993.24,10,7,0.0315
2025-09-16,US-West,Enterprise,47304.04,9,8,0.0291
2025-09-16,US-West,Pro,13526.55,8,7,0.0276
2025-09-16,US-West,Basic,4321.38,13,3,0.0238
2025-09-16,Europe,Enterprise,40518.22,13,4,0.0373
2025-09-16,Europe,Pro,12408.44,12,5,0.0311
2025-09-16,Europe,Basic,4405.97,7,4,0.0312
2025-09-16,Asia,Enterprise,30477.4,3,7,0.0263
2025-09-16,Asia,Pro,10462.6,9,6,0.034
2025-09-16,Asia,Basic,3223.73,5,5,0.0267
2025-09-17,US-East,Enterprise,54079.68,10,7,0.0281
2025-09-17,US-East,Pro,17146.07,10,7,0.0372
2025-09-17,US-East,Basic,4990.39,8,4,0.0308
2025-09-17,US-West,Enterprise,49811.45,8,5,0.0299
2025-09-17,US-West,Pro,13068.35,7,9,0.0232
2025-09-17,US-West,Basic,4335.39,6,9,0.034
2025-09-17,Europe,Enterprise,40952.59,8,5,0.0333
2025-09-17,Europe,Pro,12321.31,6,13,0.0315
2025-09-17,Europe,Basic,4102.34,5,2,0.0319
2025-09-17,Asia,Enterprise,31494.19,4,5,0.0418
2025-09-17,Asia,Pro,9896.52,5,3,0.035
2025-09-17,Asia,Basic,3175.35,5,4,0.0343
2025-09-18,US-East,Enterprise,51852.1,8,7,0.0304
2025-09-18,US-East,Pro,13777.5,8,3,0.0311
2025-09-18,US-East,Basic,5014.31,10,7,0.0263
2025-09-18,US-West,Enterprise,41578.15,5,6,0.0282
2025-09-18,US-West,Pro,13786.65,8,2,0.0304
2025-09-18,US-West,Basic,4562.44,7,4,0.0329
2025-09-18,Europe,Enterprise,36898.76,8,7,0.0306
2025-09-18,Europe,Pro,11811.87,7,7,0.0244
2025-09-18,Europe,Basic,3651.14,9,7,0.0272
2025-09-18,Asia,Enterprise,30074.41,6,5,0.0284
2025-09-18,Asia,Pro,9287.9,3,10,0.0425
2025-09-18,Asia,Basic,3122.62,8,6,0.0326
2025-09-19,US-East,Enterprise,55161.23,10,6,0.0346
2025-09-19,US-East,Pro,16119.81,12,11,0.0339
2025-09-19,US-East,Basic,4787.35,10,6,0.0361
2025-09-19,US-West,Enterprise,47596.34,11,5,0.0426
2025-09-19,US-West,Pro,13377.25,7,5,0.0326
2025-09-19,US-West,Basic,4382.87,10,7,0.0231
2025-09-19,Europe,Enterprise,36068.93,8,6,0.0362
2025-09-19,Europe,Pro,12062.83,3,8,0.0277
2025-09-19,Europe,Basic,3811.67,7,8,0.0336
2025-09-19,Asia,Enterprise,30648.79,5,5,0.0255
2025-09-19,Asia,Pro,10676.51,4,7,0.0211
2025-09-19,Asia,Basic,2926.26,5,4,0.0235
2025-09-20,US-East,Enterprise,31528.67,4,4,0.0413
2025-09-20,US-East,Pro,9569.4,8,4,0.0279
2025-09-20,US-East,Basic,3173.68,2,3,0.0317
2025-09-20,US-West,Enterprise,26437.54,8,2,0.0424
2025-09-20,US-West,Pro,7932.84,7,5,0.026
2025-09-20,US-West,Basic,2657.97,5,4,0.0304
2025-09-20,Europe,Enterprise,23419.3,7,4,0.023
2025-09-20,Europe,Pro,6775.23,4,8,0.0333
2025-09-20,Europe,Basic,2345.73,4,3,0.0313
2025-09-20,Asia,Enterprise,17263.61,2,7,0.0329
2025-09-20,Asia,Pro,5148.87,4,3,0.0317
2025-09-20,Asia,Basic,1972.22,3,3,0.0301
2025-09-21,US-East,Enterprise,29665.29,4,6,0.0251
2025-09-21,US-East,Pro,9151.78,4,4,0.0358
2025-09-21,US-East,Basic,3171.54,6,4,0.032
2025-09-21,US-West,Enterprise,25679.43,5,8,0.033
2025-09-21,US-West,Pro,8429.79,3,3,0.0389
2025-09-21,US-West,Basic,2632.68,7,4,0.0262
2025-09-21,Europe,Enterprise,23253.28,6,6,0.0272
2025-09-21,Europe,Pro,6847.19,3,6,0.0214
2025-09-21,Europe,Basic,2107.75,6,8,0.0237
2025-09-21,Asia,Enterprise,17196.58,5,2,0.0293
2025-09-21,Asia,Pro,5598.39,3,11,0.0319
2025-09-21,Asia,Basic,1920.28,4,6,0.029
2025-09-22,US-East,Enterprise,52831.37,9,8,0.0247
2025-09-22,US-East,Pro,15814.69,7,5,0.0253
2025-09-22,US-East,Basic,5139.47,7,8,0.0342
2025-09-22,US-West,Enterprise,43491.28,7,4,0.0299
2025-09-22,US-West,Pro,12516.81,11,7,0.0376
2025-09-22,US-West,Basic,4723.44,9,3,0.0324
2025-09-22,Europe,Enterprise,39276.85,11,8,0.0282
2025-09-22,Europe,Pro,11743.54,6,6,0.0275
2025-09-22,Europe,Basic,4103.91,9,7,0.0283
2025-09-22,Asia,Enterprise,32296.66,4,8,0.0234
2025-09-22,Asia,Pro,9096.23,4,8,0.0309
2025-09-22,Asia,Basic,3170.32,11,12,0.0273
2025-09-23,US-East,Enterprise,51594.91,9,10,0.0291
2025-09-23,US-East,Pro,15224.31,9,6,0.0271
2025-09-23,US-East,Basic,5534.69,7,4,0.027
2025-09-23,US-West,Enterprise,44656.25,6,3,0.0218
2025-09-23,US-West,Pro,12633.55,6,5,0.0266
2025-09-23,US-West,Basic,4259.25,10,2,0.0299
2025-09-23,Europe,Enterprise,39581.38,10,8,0.0293
2025-09-23,Europe,Pro,11005.85,5,6,0.0313
2025-09-23,Europe,Basic,4161.09,6,9,0.0315
2025-09-23,Asia,Enterprise,30442.41,1,3,0.0278
2025-09-23,Asia,Pro,10416.86,9,5,0.0256
2025-09-23,Asia,Basic,3214.96,2,9,0.0296
2025-09-24,US-East,Enterprise,51487.09,12,3,0.0269
2025-09-24,US-East,Pro,16521.06,13,5,0.0374
2025-09-24,US-East,Basic,5700.08,12,5,0.0241
2025-09-24,US-West,Enterprise,42260.88,8,8,0.0277
2025-09-24,US-West,Pro,14354.2,7,6,0.0299
2025-09-24,US-West,Basic,4399.75,5,4,0.0309
2025-09-24,Europe,Enterprise,34473.55,9,2,0.0324
2025-09-24,Europe,Pro,11753.19,10,5,0.024
2025-09-24,Europe,Basic,3936.79,6,7,0.0387
2025-09-24,Asia,Enterprise,29638.22,8,9,0.0351
2025-09-24,Asia,Pro,8331.03,4,5,0.0356
2025-09-24,Asia,Basic,3053.85,6,1,0.0347
2025-09-25,US-East,Enterprise,48257.14,10,5,0.0326
2025-09-25,US-East,Pro,15832.67,10,6,0.0356
2025-09-25,US-East,Basic,5076.82,9,9,0.0298
2025-09-25,US-West,Enterprise,38999.11,10,3,0.0322
2025-09-25,US-West,Pro,13388.31,12,3,0.036
2025-09-25,US-West,Basic,4065.72,8,4,0.0262
2025-09-25,Europe,Enterprise,39008.81,5,7,0.026
2025-09-25,Europe,Pro,10395.96,9,4,0.0278
2025-09-25,Europe,Basic,3525.28,4,5,0.0262
2025-09-25,Asia,Enterprise,29649.73,6,5,0.0272
2025-09-25,Asia,Pro,8677.57,5,3,0.0295
2025-09-25,Asia,Basic,3315.32,3,5,0.0291
2025-09-26,US-East,Enterprise,51942.3,14,9,0.0203
2025-09-26,US-East,Pro,15854.61,14,6,0.0329
2025-09-26,US-East,Basic,4937.5,10,5,0.0353
2025-09-26,US-West,Enterprise,43495.58,10,3,0.0322
2025-09-26,US-West,Pro,13074.33,8,7,0.0357
2025-09-26,US-West,Basic,4040.31,9,4,0.0208
2025-09-26,Europe,Enterprise,38933.36,10,5,0.0333
2025-09-26,Europe,Pro,11575.52,7,3,0.0273
2025-09-26,Europe,Basic,3815.58,6,5,0.0373
2025-09-26,Asia,Enterprise,30742.01,7,5,0.0349
2025-09-26,Asia,Pro,9249.89,6,9,0.0336
2025-09-26,Asia,Basic,3094.51,7,6,0.0274
2025-09-27,US-East,Enterprise,30526.22,6,5,0.0231
2025-09-27,US-East,Pro,8640.53,7,8,0.029
2025-09-27,US-East,Basic,2892.66,4,7,0.0375
2025-09-27,US-West,Enterprise,24803.43,3,6,0.0273
2025-09-27,US-West,Pro,7922.94,1,3,0.0288
2025-09-27,US-West,Basic,2529.85,3,6,0.023
2025-09-27,Europe,Enterprise,24360.84,3,11,0.0327
2025-09-27,Europe,Pro,6983.26,6,4,0.0252
2025-09-27,Europe,Basic,2272.3,7,9,0.0308
2025-09-27,Asia,Enterprise,18032.92,4,3,0.0319
2025-09-27,Asia,Pro,5223.24,1,3,0.0352
2025-09-27,Asia,Basic,1899.8,3,4,0.0363
2025-09-28,US-East,Enterprise,30957.1,9,10,0.0254
2025-09-28,US-East,Pro,9134.77,7,6,0.03
2025-09-28,US-East,Basic,3115.96,6,4,0.0294
2025-09-28,US-West,Enterprise,26424.14,7,6,0.0308
2025-09-28,US-West,Pro,8136.75,5,9,0.0237
2025-09-28,US-West,Basic,2610.7,5,7,0.0366
2025-09-28,Europe,Enterprise,21331.41,6,6,0.0238
2025-09-28,Europe,Pro,7375.16,1,3,0.0252
2025-09-28,Europe,Basic,2212.31,3,3,0.0295
2025-09-28,Asia,Enterprise,18399.26,1,6,0.0324
2025-09-28,Asia,Pro,5634.99,3,5,0.0388
2025-09-28,Asia,Basic,1801.21,1,4,0.0294
2025-09-29,US-East,Enterprise,47490.05,10,2,0.0375
2025-09-29,US-East,Pro,15413.74,9,7,0.0197
2025-09-29,US-East,Basic,4839.69,8,6,0.0282
2025-09-29,US-West,Enterprise,44852.06,8,4,0.0314
2025-09-29,US-West,Pro,12184.74,9,6,0.0289
2025-09-29,US-West,Basic,4559.26,8,6,0.0363
2025-09-29,Europe,Enterprise,36381.6,4,4,0.0225
2025-09-29,Europe,Pro,10817.36,5,6,0.0323
2025-09-29,Europe,Basic,3554.73,3,4,0.0153
2025-09-29,Asia,Enterprise,29169.54,2,2,0.0303
2025-09-29,Asia,Pro,9149.29,6,3,0.0329
2025-09-29,Asia,Basic,2831.27,2,5,0.0328
2025-09-30,US-East,Enterprise,49017.29,8,10,0.0277
2025-09-30,US-East,Pro,15569.59,9,4,0.0355
2025-09-30,US-East,Basic,4900.01,9,5,0.0408
2025-09-30,US-West,Enterprise,41309.39,7,7,0.0388
2025-09-30,US-West,Pro,11179.65,4,5,0.024
2025-09-30,US-West,Basic,4621.72,12,5,0.0302
2025-09-30,Europe,Enterprise,40983.14,7,0,0.0388
2025-09-30,Europe,Pro,12042.09,9,4,0.0315
2025-09-30,Europe,Basic,3846.07,8,5,0.023
2025-09-30,Asia,Enterprise,31006.24,3,1,0.0312
2025-09-30,Asia,Pro,9485.14,3,4,0.0289
2025-09-30,Asia,Basic,2975.69,7,8,0.0278
2025-10-01,US-East,Enterprise,47379.27,7,4,0.0355
2025-10-01,US-East,Pro,16364.95,11,6,0.0292
2025-10-01,US-East,Basic,4903.3,11,6,0.0301
2025-10-01,US-West,Enterprise,44400.02,11,4,0.0299
2025-10-01,US-West,Pro,13501.88,13,8,0.0251
2025-10-01,US-West,Basic,4259.52,10,5,0.0382
2025-10-01,Europe,Enterprise,38219.71,8,7,0.0248
2025-10-01,Europe,Pro,11578.88,7,6,0.0306
2025-10-01,Europe,Basic,3614.87,4,5,0.0297
2025-10-01,Asia,Enterprise,30359.53,7,6,0.0357
2025-10-01,Asia,Pro,8688.47,7,9,0.0271
2025-10-01,Asia,Basic,3220.41,5,5,0.034
2025-10-02,US-East,Enterprise,49368.49,7,4,0.0319
2025-10-02,US-East,Pro,15832.91,10,5,0.0298
2025-10-02,US-East,Basic,4648.79,7,8,0.0196
2025-10-02,US-West,Enterprise,41487.58,10,8,0.0242
2025-10-02,US-West,Pro,12162.72,6,5,0.0285
2025-10-02,US-West,Basic,4031.84,6,7,0.0268
2025-10-02,Europe,Enterprise,36962.55,8,5,0.03
2025-10-02,Europe,Pro,10103.59,7,8,0.0311
2025-10-02,Europe,Basic,3663.16,3,6,0.0312
2025-10-02,Asia,Enterprise,30553.91,5,8,0.0334
2025-10-02,Asia,Pro,8624.08,7,4,0.031
2025-10-02,Asia,Basic,2796.34,4,5,0.0337
2025-10-03,US-East,Enterprise,47718.02,8,6,0.0302
2025-10-03,US-East,Pro,15920.56,6,2,0.029
2025-10-03,US-East,Basic,4942.35,8,4,0.0284
2025-10-03,US-West,Enterprise,41781.41,7,5,0.0257
2025-10-03,US-West,Pro,13071.96,9,3,0.0238
2025-10-03,US-West,Basic,4190.57,10,3,0.0344
2025-10-03,Europe,Enterprise,40578.94,7,7,0.0299
2025-10-03,Europe,Pro,10557.01,6,6,0.0313
2025-10-03,Europe,Basic,3746.54,5,8,0.0295
2025-10-03,Asia,Enterprise,30935.75,10,8,0.0319
2025-10-03,Asia,Pro,8567.53,6,1,0.0227
2025-10-03,Asia,Basic,3117.33,5,5,0.0232
2025-10-04,US-East,Enterprise,29125.53,7,2,0.0438
2025-10-04,US-East,Pro,9701.64,5,5,0.0277
2025-10-04,US-East,Basic,2953.22,2,4,0.0346
2025-10-04,US-West,Enterprise,25116.53,4,8,0.0256
2025-10-04,US-West,Pro,7258.4,3,9,0.0309
2025-10-04,US-West,Basic,2635.03,4,8,0.0255
2025-10-04,Europe,Enterprise,22649.45,6,7,0.037
2025-10-04,Europe,Pro,6257.42,7,6,0.0405
2025-10-04,Europe,Basic,2101.44,2,7,0.0255
2025-10-04,Asia,Enterprise,17083.19,4,6,0.034
2025-10-04,Asia,Pro,5488.19,3,2,0.0159
2025-10-04,Asia,Basic,1767.97,1,8,0.0375
2025-10-05,US-East,Enterprise,29799.05,4,9,0.0399
2025-10-05,US-East,Pro,8963.81,5,10,0.0256
2025-10-05,US-East,Basic,3089.6,3,7,0.0336
2025-10-05,US-West,Enterprise,26812.2,4,5,0.0273
2025-10-05,US-West,Pro,7811.39,3,12,0.0402
2025-10-05,US-West,Basic,2438.46,5,6,0.0317
2025-10-05,Europe,Enterprise,20327.43,2,4,0.0263
2025-10-05,Europe,Pro,6978.94,2,6,0.0261
2025-10-05,Europe,Basic,2121.88,4,9,0.0325
2025-10-05,Asia,Enterprise,17097.84,2,6,0.0281
2025-10-05,Asia,Pro,5379.93,3,6,0.0297
2025-10-05,Asia,Basic,1641.09,4,6,0.0257
2025-10-06,US-East,Enterprise,50336.18,9,5,0.0312
2025-10-06,US-East,Pro,14233.95,6,7,0.0333
2025-10-06,US-East,Basic,5309.26,8,5,0.0268
2025-10-06,US-West,Enterprise,37877.83,9,6,0.0235
2025-10-06,US-West,Pro,12593.29,9,7,0.0292
2025-10-06,US-West,Basic,4121.09,5,7,0.0246
2025-10-06,Europe,Enterprise,39927.53,7,3,0.0267
2025-10-06,Europe,Pro,10982.23,8,7,0.0397
2025-10-06,Europe,Basic,3740.46,8,6,0.0239
2025-10-06,Asia,Enterprise,31542.07,6,9,0.0295
2025-10-06,Asia,Pro,9673.07,12,11,0.0266
2025-10-06,Asia,Basic,2826.35,3,7,0.0252
2025-10-07,US-East,Enterprise,50368.45,11,7,0.0281
2025-10-07,US-East,Pro,14226.45,10,7,0.0246
2025-10-07,US-East,Basic,4952.93,8,5,0.027
2025-10-07,US-West,Enterprise,39666.0,11,12,0.03
2025-10-07,US-West,Pro,12794.79,4,3,0.0243
2025-10-07,US-West,Basic,4226.87,9,7,0.0354
2025-10-07,Europe,Enterprise,36640.63,6,3,0.0305
2025-10-07,Europe,Pro,11081.54,3,7,0.0342
2025-10-07,Europe,Basic,3703.29,4,2,0.0356
2025-10-07,Asia,Enterprise,29618.88,3,1,0.0331
2025-10-07,Asia,Pro,8583.96,5,7,0.0251
2025-10-07,Asia,Basic,2876.19,5,6,0.0377
2025-10-08,US-East,Enterprise,45580.04,7,4,0.0368
2025-10-08,US-East,Pro,13400.39,9,3,0.0331
2025-10-08,US-East,Basic,4765.95,10,5,0.0293
2025-10-08,US-West,Enterprise,40541.7,7,2,0.0336
2025-10-08,US-West,Pro,11609.85,8,7,0.0341
2025-10-08,US-West,Basic,4127.07,10,3,0.0289
2025-10-08,Europe,Enterprise,36599.41,7,9,0.0286
2025-10-08,Europe,Pro,10818.43,7,0,0.0319
2025-10-08,Europe,Basic,4076.44,8,7,0.0282
2025-10-08,Asia,Enterprise,31056.27,5,6,0.0315
2025-10-08,Asia,Pro,8607.11,3,5,0.0238
2025-10-08,Asia,Basic,2988.57,6,6,0.0357
2025-10-09,US-East,Enterprise,50477.35,9,8,0.0241
2025-10-09,US-East,Pro,14977.8,6,7,0.0309
2025-10-09,US-East,Basic,5140.64,13,9,0.0271
2025-10-09,US-West,Enterprise,44487.55,7,4,0.0376
2025-10-09,US-West,Pro,12461.72,9,3,0.0258
2025-10-09,US-West,Basic,4303.05,7,6,0.031
2025-10-09,Europe,Enterprise,37060.87,5,3,0.0307
2025-10-09,Europe,Pro,10677.76,10,9,0.0348
2025-10-09,Europe,Basic,3930.52,8,7,0.0265
2025-10-09,Asia,Enterprise,27279.77,3,2,0.0357
2025-10-09,Asia,Pro,8495.0,4,8,0.0413
2025-10-09,Asia,Basic,3081.21,7,2,0.0267
2025-10-10,US-East,Enterprise,46649.84,10,3,0.0291
2025-10-10,US-East,Pro,14857.8,10,3,0.0325
2025-10-10,US-East,Basic,4557.88,9,7,0.0315
2025-10-10,US-West,Enterprise,41672.53,9,5,0.0335
2025-10-10,US-West,Pro,11338.34,5,7,0.0293
2025-10-10,US-West,Basic,4197.59,6,5,0.0273
2025-10-10,Europe,Enterprise,35456.82,8,2,0.0338
2025-10-10,Europe,Pro,10946.03,6,2,0.03
2025-10-10,Europe,Basic,3851.5,6,6,0.0294
2025-10-10,Asia,Enterprise,25868.11,7,6,0.0335
2025-10-10,Asia,Pro,8354.08,2,7,0.0339
2025-10-10,Asia,Basic,2833.94,3,4,0.026
2025-10-11,US-East,Enterprise,29711.51,8,6,0.0323
2025-10-11,US-East,Pro,8439.23,1,4,0.0329
2025-10-11,US-East,Basic,2636.26,7,5,0.0345
2025-10-11,US-West,Enterprise,24851.5,4,2,0.0276
2025-10-11,US-West,Pro,6766.94,3,4,0.0331
2025-10-11,US-West,Basic,2557.69,4,7,0.0278
2025-10-11,Europe,Enterprise,22833.93,3,2,0.0275
2025-10-11,Europe,Pro,6813.74,5,7,0.0224
2025-10-11,Europe,Basic,2230.29,4,1,0.028
2025-10-11,Asia,Enterprise,17878.99,1,8,0.03
2025-10-11,Asia,Pro,4606.65,4,6,0.035
2025-10-11,Asia,Basic,1807.76,5,3,0.0252
2025-10-12,US-East,Enterprise,29581.73,6,2,0.0312
2025-10-12,US-East,Pro,9031.12,3,4,0.0305
2025-10-12,US-East,Basic,3025.08,7,5,0.0349
2025-10-12,US-West,Enterprise,24886.32,2,5,0.0317
2025-10-12,US-West,Pro,7113.32,6,7,0.0292
2025-10-12,US-West,Basic,2476.08,2,0,0.0264
2025-10-12,Europe,Enterprise,22386.42,7,5,0.0325
2025-10-12,Europe,Pro,6963.76,3,3,0.0289
2025-10-12,Europe,Basic,2061.87,1,11,0.0333
2025-10-12,Asia,Enterprise,16645.73,1,7,0.033
2025-10-12,Asia,Pro,4930.95,1,7,0.0382
2025-10-12,Asia,Basic,1711.19,2,5,0.0299
2025-10-13,US-East,Enterprise,48489.75,7,5,0.0262
2025-10-13,US-East,Pro,13861.84,11,4,0.0322
2025-10-13,US-East,Basic,4746.22,9,3,0.0353
2025-10-13,US-West,Enterprise,41385.02,6,3,0.028
2025-10-13,US-West,Pro,12482.7,9,6,0.0238
2025-10-13,US-West,Basic,4109.57,7,2,0.0305
2025-10-13,Europe,Enterprise,36636.34,8,1,0.0319
2025-10-13,Europe,Pro,10757.35,4,4,0.0375
2025-10-13,Europe,Basic,3742.58,6,2,0.0307
2025-10-13,Asia,Enterprise,30574.24,9,11,0.0308
2025-10-13,Asia,Pro,8194.77,7,3,0.0345
2025-10-13,Asia,Basic,2791.66,8,8,0.0308
2025-10-14,US-East,Enterprise,47769.07,10,4,0.0309
2025-10-14,US-East,Pro,14147.93,10,5,0.0296
2025-10-14,US-East,Basic,4790.34,13,6,0.0304
2025-10-14,US-West,Enterprise,37936.27,7,10,0.0297
2025-10-14,US-West,Pro,12244.38,9,7,0.0315
2025-10-14,US-West,Basic,3742.53,8,6,0.0243
2025-10-14,Europe,Enterprise,36904.08,9,2,0.0233
2025-10-14,Europe,Pro,10933.56,7,3,0.0303
2025-10-14,Europe,Basic,3554.68,7,8,0.0268
2025-10-14,Asia,Enterprise,29688.05,6,7,0.0266
2025-10-14,Asia,Pro,8177.53,4,5,0.0252
2025-10-14,Asia,Basic,2928.88,7,5,0.0283
2025-10-15,US-East,Enterprise,47538.43,6,4,0.0341
2025-10-15,US-East,Pro,13747.97,8,6,0.0234
2025-10-15,US-East,Basic,4815.95,11,4,0.0234
2025-10-15,US-West,Enterprise,39301.46,8,9,0.0299
2025-10-15,US-West,Pro,12644.06,9,10,0.0316
2025-10-15,US-West,Basic,3976.43,10,7,0.0263
2025-10-15,Europe,Enterprise,32758.62,4,7,0.0281
2025-10-15,Europe,Pro,10710.64,9,6,0.0298
2025-10-15,Europe,Basic,3570.09,5,5,0.0341
2025-10-15,Asia,Enterprise,28858.15,9,11,0.0329
2025-10-15,Asia,Pro,8850.03,8,7,0.032
2025-10-15,Asia,Basic,3090.21,9,6,0.0318
2025-10-16,US-East,Enterprise,41578.12,6,1,0.0346
2025-10-16,US-East,Pro,15384.94,8,5,0.0309
2025-10-16,US-East,Basic,4879.36,9,6,0.0287
2025-10-16,US-West,Enterprise,38221.35,6,6,0.0265
2025-10-16,US-West,Pro,11315.0,6,7,0.0177
2025-10-16,US-West,Basic,3934.83,3,4,0.0312
2025-10-16,Europe,Enterprise,33665.68,7,5,0.0338
2025-10-16,Europe,Pro,9858.82,8,6,0.0344
2025-10-16,Europe,Basic,3361.7,8,5,0.0296
2025-10-16,Asia,Enterprise,27626.17,7,5,0.0318
2025-10-16,Asia,Pro,8423.02,5,3,0.0204
2025-10-16,Asia,Basic,2836.26,2,8,0.0303
2025-10-17,US-East,Enterprise,44927.56,8,7,0.0208
2025-10-17,US-East,Pro,13331.76,7,5,0.0282
2025-10-17,US-East,Basic,4444.13,12,5,0.0298
2025-10-17,US-West,Enterprise,39445.1,8,7,0.0286
2025-10-17,US-West,Pro,12601.28,10,6,0.026
2025-10-17,US-West,Basic,3821.71,6,8,0.0266
2025-10-17,Europe,Enterprise,36014.33,6,5,0.0291
2025-10-17,Europe,Pro,11427.93,7,7,0.0279
2025-10-17,Europe,Basic,3585.63,4,2,0.0363
2025-10-17,Asia,Enterprise,26596.77,6,5,0.03
2025-10-17,Asia,Pro,8402.4,6,3,0.0296
2025-10-17,Asia,Basic,2889.24,7,4,0.0231
2025-10-18,US-East,Enterprise,28271.89,1,4,0.0323
2025-10-18,US-East,Pro,8192.92,4,4,0.032
2025-10-18,US-East,Basic,3021.63,7,7,0.0254
2025-10-18,US-West,Enterprise,24938.48,4,3,0.0244
2025-10-18,US-West,Pro,7082.54,8,6,0.0328
2025-10-18,US-West,Basic,2376.5,4,5,0.0215
2025-10-18,Europe,Enterprise,19148.7,2,5,0.0308
2025-10-18,Europe,Pro,6735.89,4,5,0.0317
2025-10-18,Europe,Basic,2183.52,4,3,0.0329
2025-10-18,Asia,Enterprise,18581.08,1,5,0.0343
2025-10-18,Asia,Pro,4821.7,2,7,0.029
2025-10-18,Asia,Basic,1767.74,4,4,0.0324
2025-10-19,US-East,Enterprise,28027.29,4,5,0.0201
2025-10-19,US-East,Pro,8549.0,11,5,0.0284
2025-10-19,US-East,Basic,2684.57,4,5,0.0283
2025-10-19,US-West,Enterprise,25422.26,2,4,0.0345
2025-10-19,US-West,Pro,7723.47,6,6,0.0285
2025-10-19,US-West,Basic,2329.74,7,4,0.0287
2025-10-19,Europe,Enterprise,20425.68,1,5,0.023
2025-10-19,Europe,Pro,6710.82,2,3,0.0363
2025-10-19,Europe,Basic,2296.8,2,7,0.029
2025-10-19,Asia,Enterprise,16424.84,5,3,0.0287
2025-10-19,Asia,Pro,5138.89,2,6,0.0253
2025-10-19,Asia,Basic,1648.96,1,3,0.0338
2025-10-20,US-East,Enterprise,45929.6,10,7,0.0421
2025-10-20,US-East,Pro,14124.12,8,5,0.0234
2025-10-20,US-East,Basic,4768.25,5,3,0.0293
2025-10-20,US-West,Enterprise,43345.67,9,6,0.0236
2025-10-20,US-West,Pro,12042.97,8,4,0.0282
2025-10-20,US-West,Basic,3980.18,9,4,0.0256
2025-10-20,Europe,Enterprise,37679.77,6,11,0.0275
2025-10-20,Europe,Pro,10747.92,7,6,0.0276
2025-10-20,Europe,Basic,3360.58,5,6,0.0259
2025-10-20,Asia,Enterprise,27586.68,4,6,0.0353
2025-10-20,Asia,Pro,8377.23,3,3,0.0283
2025-10-20,Asia,Basic,2581.29,6,6,0.0306
2025-10-21,US-East,Enterprise,44440.61,9,8,0.0231
2025-10-21,US-East,Pro,14517.85,6,7,0.0355
2025-10-21,US-East,Basic,4630.7,9,10,0.0333
2025-10-21,US-West,Enterprise,38764.29,8,8,0.038
2025-10-21,US-West,Pro,11280.47,4,6,0.0305
2025-10-21,US-West,Basic,3914.49,5,9,0.0322
2025-10-21,Europe,Enterprise,34481.07,10,7,0.0332
2025-10-21,Europe,Pro,10357.42,7,7,0.0259
2025-10-21,Europe,Basic,3362.77,5,3,0.0265
2025-10-21,Asia,Enterprise,26617.56,8,3,0.0334
2025-10-21,Asia,Pro,7367.97,5,5,0.0346
2025-10-21,Asia,Basic,2818.62,3,7,0.0408
2025-10-22,US-East,Enterprise,46043.25,6,6,0.0288
2025-10-22,US-East,Pro,14080.84,7,3,0.0243
2025-10-22,US-East,Basic,4677.92,9,12,0.0276
2025-10-22,US-West,Enterprise,38299.83,9,7,0.0252
2025-10-22,US-West,Pro,11135.29,6,5,0.0306
2025-10-22,US-West,Basic,3748.66,5,7,0.0198
2025-10-22,Europe,Enterprise,33672.2,8,5,0.0275
2025-10-22,Europe,Pro,10211.21,6,11,0.0267
2025-10-22,Europe,Basic,3282.58,7,6,0.0269
2025-10-22,Asia,Enterprise,30952.47,6,10,0.0348
2025-10-22,Asia,Pro,8152.53,2,2,0.0308
2025-10-22,Asia,Basic,2772.64,6,6,0.0295
2025-10-23,US-East,Enterprise,48227.47,12,5,0.0261
2025-10-23,US-East,Pro,13061.26,7,3,0.0356
2025-10-23,US-East,Basic,4204.18,6,5,0.0283
2025-10-23,US-West,Enterprise,40692.37,9,8,0.0283
2025-10-23,US-West,Pro,11211.11,8,5,0.0288
2025-10-23,US-West,Basic,4085.12,8,10,0.0361
2025-10-23,Europe,Enterprise,32275.34,4,10,0.0254
2025-10-23,Europe,Pro,11636.08,1,5,0.0264
2025-10-23,Europe,Basic,3431.15,6,2,0.0235
2025-10-23,Asia,Enterprise,25842.4,8,10,0.0375
2025-10-23,Asia,Pro,8647.73,6,6,0.0216
2025-10-23,Asia,Basic,3011.63,3,9,0.0309
2025-10-24,US-East,Enterprise,44581.58,9,10,0.035
2025-10-24,US-East,Pro,14540.21,11,5,0.0256
2025-10-24,US-East,Basic,4724.17,9,12,0.0254
2025-10-24,US-West,Enterprise,36663.58,7,8,0.0335
2025-10-24,US-West,Pro,10729.67,6,1,0.0275
2025-10-24,US-West,Basic,3546.15,9,7,0.0368
2025-10-24,Europe,Enterprise,35810.52,6,5,0.0285
2025-10-24,Europe,Pro,10369.71,7,7,0.0305
2025-10-24,Europe,Basic,3452.62,9,5,0.03
2025-10-24,Asia,Enterprise,28689.48,2,4,0.0318
2025-10-24,Asia,Pro,7475.86,1,4,0.0314
2025-10-24,Asia,Basic,3018.5,8,9,0.0284
2025-10-25,US-East,Enterprise,28081.54,5,7,0.036
2025-10-25,US-East,Pro,8041.26,6,14,0.0291
2025-10-25,US-East,Basic,2791.61,4,6,0.0215
2025-10-25,US-West,Enterprise,23861.17,3,6,0.0191
2025-10-25,US-West,Pro,6739.97,6,6,0.0264
2025-10-25,US-West,Basic,2287.23,4,5,0.0416
2025-10-25,Europe,Enterprise,20021.61,4,3,0.0235
2025-10-25,Europe,Pro,5783.18,2,5,0.0331
2025-10-25,Europe,Basic,2095.35,1,1,0.033
2025-10-25,Asia,Enterprise,17778.06,5,4,0.0351
2025-10-25,Asia,Pro,5379.83,1,8,0.0306
2025-10-25,Asia,Basic,1658.34,3,6,0.0391
2025-10-26,US-East,Enterprise,28701.67,3,5,0.0408
2025-10-26,US-East,Pro,8373.54,4,4,0.0335
2025-10-26,US-East,Basic,2770.57,7,4,0.0339
2025-10-26,US-West,Enterprise,22867.56,1,5,0.0323
2025-10-26,US-West,Pro,7584.26,6,6,0.0242
2025-10-26,US-West,Basic,2274.91,1,6,0.0317
2025-10-26,Europe,Enterprise,20124.7,1,6,0.0302
2025-10-26,Europe,Pro,6384.66,3,1,0.0261
2025-10-26,Europe,Basic,1838.37,4,8,0.0361
2025-10-26,Asia,Enterprise,17466.86,2,6,0.0315
2025-10-26,Asia,Pro,4803.21,1,9,0.0377
2025-10-26,Asia,Basic,1651.66,4,8,0.0342
2025-10-27,US-East,Enterprise,43200.88,9,2,0.0167
2025-10-27,US-East,Pro,13226.07,6,1,0.0282
2025-10-27,US-East,Basic,4614.09,10,6,0.0288
2025-10-27,US-West,Enterprise,37570.24,9,8,0.0308
2025-10-27,US-West,Pro,11541.1,6,4,0.0223
2025-10-27,US-West,Basic,3412.37,6,5,0.0285
2025-10-27,Europe,Enterprise,34023.97,9,1,0.0216
2025-10-27,Europe,Pro,9797.59,7,6,0.0289
2025-10-27,Europe,Basic,3339.44,5,3,0.038
2025-10-27,Asia,Enterprise,28015.31,8,7,0.0348
2025-10-27,Asia,Pro,7785.17,1,1,0.0255
2025-10-27,Asia,Basic,2700.0,8,2,0.0266
2025-10-28,US-East,Enterprise,44825.55,6,2,0.0259
2025-10-28,US-East,Pro,13754.26,10,4,0.0241
2025-10-28,US-East,Basic,4134.78,6,6,0.0272
2025-10-28,US-West,Enterprise,38823.14,7,9,0.0261
2025-10-28,US-West,Pro,10887.88,4,3,0.0334
2025-10-28,US-West,Basic,3950.7,8,6,0.0344
2025-10-28,Europe,Enterprise,33875.28,6,6,0.0283
2025-10-28,Europe,Pro,9823.51,5,3,0.0336
2025-10-28,Europe,Basic,3423.44,5,5,0.0271
2025-10-28,Asia,Enterprise,26642.31,6,4,0.0292
2025-10-28,Asia,Pro,7946.21,10,5,0.0292
2025-10-28,Asia,Basic,2584.64,4,3,0.0318
2025-10-29,US-East,Enterprise,45889.08,9,8,0.0353
2025-10-29,US-East,Pro,13697.22,7,6,0.0244
2025-10-29,US-East,Basic,5065.6,8,2,0.0326
2025-10-29,US-West,Enterprise,40678.39,7,11,0.0329
2025-10-29,US-West,Pro,11137.01,11,5,0.0293
2025-10-29,US-West,Basic,3655.45,6,4,0.0224
2025-10-29,Europe,Enterprise,35620.57,10,6,0.0293
2025-10-29,Europe,Pro,10963.18,9,7,0.0274
2025-10-29,Europe,Basic,3155.95,7,6,0.033
2025-10-29,Asia,Enterprise,26346.14,7,6,0.0337
2025-10-29,Asia,Pro,8076.33,4,9,0.0283
2025-10-29,Asia,Basic,2489.7,4,2,0.0332
2025-10-30,US-East,Enterprise,47230.07,7,4,0.0222
2025-10-30,US-East,Pro,13584.35,8,13,0.0307
2025-10-30,US-East,Basic,4233.39,12,7,0.0351
2025-10-30,US-West,Enterprise,39318.86,6,5,0.0288
2025-10-30,US-West,Pro,12112.28,6,4,0.0301
2025-10-30,US-West,Basic,3817.72,3,5,0.0239
2025-10-30,Europe,Enterprise,34041.97,8,1,0.0353
2025-10-30,Europe,Pro,10049.89,9,8,0.0256
2025-10-30,Europe,Basic,3573.35,8,1,0.0299
2025-10-30,Asia,Enterprise,28201.73,4,7,0.0227
2025-10-30,Asia,Pro,7298.29,5,2,0.0257
2025-10-30,Asia,Basic,2732.79,9,5,0.0376
2025-10-31,US-East,Enterprise,43205.87,11,7,0.029
2025-10-31,US-East,Pro,12688.93,6,7,0.022
2025-10-31,US-East,Basic,4481.25,9,7,0.0269
2025-10-31,US-West,Enterprise,39819.23,8,9,0.0353
2025-10-31,US-West,Pro,11472.52,6,3,0.031
2025-10-31,US-West,Basic,4327.11,7,9,0.0288
2025-10-31,Europe,Enterprise,31050.37,7,9,0.0239
2025-10-31,Europe,Pro,10627.57,8,6,0.0313
2025-10-31,Europe,Basic,3561.33,5,3,0.0232
2025-10-31,Asia,Enterprise,28656.24,2,9,0.0319
2025-10-31,Asia,Pro,8024.77,1,6,0.0353
2025-10-31,Asia,Basic,2358.82,4,8,0.028
2025-11-01,US-East,Enterprise,27351.76,6,5,0.0305
2025-11-01,US-East,Pro,8276.69,3,5,0.025
2025-11-01,US-East,Basic,2726.15,10,5,0.0284
2025-11-01,US-West,Enterprise,21381.33,2,5,0.0347
2025-11-01,US-West,Pro,6307.56,3,4,0.0288
2025-11-01,US-West,Basic,2475.84,6,4,0.0327
2025-11-01,Europe,Enterprise,20045.69,5,1,0.027
2025-11-01,Europe,Pro,5982.21,4,5,0.0287
2025-11-01,Europe,Basic,2069.6,5,4,0.0408
2025-11-01,Asia,Enterprise,15824.07,1,6,0.0322
2025-11-01,Asia,Pro,4904.28,2,7,0.034
2025-11-01,Asia,Basic,1665.51,6,3,0.0301
2025-11-02,US-East,Enterprise,26710.78,5,5,0.0365
2025-11-02,US-East,Pro,7889.11,8,7,0.0213
2025-11-02,US-East,Basic,2699.84,8,10,0.0435
2025-11-02,US-West,Enterprise,23440.96,3,10,0.0266
2025-11-02,US-West,Pro,6566.02,7,8,0.0287
2025-11-02,US-West,Basic,2217.44,1,4,0.0355
2025-11-02,Europe,Enterprise,20150.45,2,3,0.0344
2025-11-02,Europe,Pro,5557.14,4,5,0.0195
2025-11-02,Europe,Basic,1894.14,4,4,0.0338
2025-11-02,Asia,Enterprise,16913.64,3,2,0.0344
2025-11-02,Asia,Pro,4828.96,1,2,0.0373
2025-11-02,Asia,Basic,1516.11,1,5,0.0238
2025-11-03,US-East,Enterprise,44909.51,7,3,0.0318
2025-11-03,US-East,Pro,12657.07,13,7,0.0338
2025-11-03,US-East,Basic,4351.03,6,5,0.0261
2025-11-03,US-West,Enterprise,38896.33,9,4,0.0246
2025-11-03,US-West,Pro,11376.84,6,6,0.0198
2025-11-03,US-West,Basic,3748.07,3,2,0.0308
2025-11-03,Europe,Enterprise,33988.56,7,2,0.0366
2025-11-03,Europe,Pro,9576.74,5,8,0.0285
2025-11-03,Europe,Basic,3318.97,7,11,0.0249
2025-11-03,Asia,Enterprise,28622.07,6,6,0.0322
2025-11-03,Asia,Pro,8050.91,8,6,0.0366
2025-11-03,Asia,Basic,2709.38,4,5,0.0221
2025-11-04,US-East,Enterprise,47014.16,12,6,0.0339
2025-11-04,US-East,Pro,13370.24,8,7,0.0307
2025-11-04,US-East,Basic,4871.39,7,6,0.0306
2025-11-04,US-West,Enterprise,36892.15,4,8,0.0308
2025-11-04,US-West,Pro,11161.26,8,4,0.0302
2025-11-04,US-West,Basic,3843.38,12,10,0.0232
2025-11-04,Europe,Enterprise,31903.55,5,8,0.0268
2025-11-04,Europe,Pro,9426.12,8,7,0.0281
2025-11-04,Europe,Basic,3466.42,6,5,0.0379
2025-11-04,Asia,Enterprise,26527.39,3,11,0.0342
2025-11-04,Asia,Pro,8972.21,2,8,0.0259
2025-11-04,Asia,Basic,2853.39,9,6,0.0371
2025-11-05,US-East,Enterprise,49211.51,8,8,0.0278
2025-11-05,US-East,Pro,13004.35,7,7,0.0293
2025-11-05,US-East,Basic,4399.05,8,2,0.0311
2025-11-05,US-West,Enterprise,34334.1,9,2,0.0307
2025-11-05,US-West,Pro,11267.71,6,7,0.0286
2025-11-05,US-West,Basic,4057.63,7,9,0.0432
2025-11-05,Europe,Enterprise,31972.73,9,2,0.0294
2025-11-05,Europe,Pro,10930.97,4,5,0.0242
2025-11-05,Europe,Basic,3400.95,9,5,0.0326
2025-11-05,Asia,Enterprise,26584.34,5,5,0.0384
2025-11-05,Asia,Pro,7229.79,5,4,0.0318
2025-11-05,Asia,Basic,2747.65,7,9,0.0281
2025-11-06,US-East,Enterprise,40853.23,6,10,0.0257
2025-11-06,US-East,Pro,12252.43,9,8,0.029
2025-11-06,US-East,Basic,4655.08,8,3,0.0298
2025-11-06,US-West,Enterprise,38913.13,10,4,0.0182
2025-11-06,US-West,Pro,11284.23,7,7,0.0252
2025-11-06,US-West,Basic,3607.24,3,6,0.0291
2025-11-06,Europe,Enterprise,33982.18,6,5,0.0196
2025-11-06,Europe,Pro,9704.98,9,0,0.0307
2025-11-06,Europe,Basic,3126.89,6,4,0.0346
2025-11-06,Asia,Enterprise,25716.99,3,3,0.0294
2025-11-06,Asia,Pro,8446.88,1,4,0.0348
2025-11-06,Asia,Basic,2512.04,8,8,0.0249
2025-11-07,US-East,Enterprise,42308.34,9,6,0.029
2025-11-07,US-East,Pro,12340.82,8,5,0.0329
2025-11-07,US-East,Basic,4519.6,7,3,0.0378
2025-11-07,US-West,Enterprise,36856.2,8,6,0.0379
2025-11-07,US-West,Pro,10781.97,8,6,0.0303
2025-11-07,US-West,Basic,3876.22,4,4,0.0336
2025-11-07,Europe,Enterprise,35131.22,5,3,0.03
2025-11-07,Europe,Pro,9536.25,6,8,0.0265
2025-11-07,Europe,Basic,3539.97,8,4,0.0317
2025-11-07,Asia,Enterprise,27802.44,6,7,0.029
2025-11-07,Asia,Pro,7761.85,2,3,0.0248
2025-11-07,Asia,Basic,2808.71,3,5,0.0334
2025-11-08,US-East,Enterprise,24967.51,3,4,0.0264
2025-11-08,US-East,Pro,8002.5,3,6,0.0247
2025-11-08,US-East,Basic,2751.2,8,5,0.024
2025-11-08,US-West,Enterprise,25451.8,7,5,0.0267
2025-11-08,US-West,Pro,6030.71,3,8,0.0305
2025-11-08,US-West,Basic,2144.43,4,7,0.0274
2025-11-08,Europe,Enterprise,19579.08,5,6,0.0247
2025-11-08,Europe,Pro,6200.51,4,8,0.0272
2025-11-08,Europe,Basic,1990.97,5,4,0.032
2025-11-08,Asia,Enterprise,15000.46,2,9,0.0291
2025-11-08,Asia,Pro,4756.8,6,7,0.0264
2025-11-08,Asia,Basic,1664.95,2,10,0.0251
2025-11-09,US-East,Enterprise,24288.2,2,10,0.0188
2025-11-09,US-East,Pro,7526.78,8,9,0.024
2025-11-09,US-East,Basic,2715.63,3,7,0.0335
2025-11-09,US-West,Enterprise,21201.63,5,5,0.038
2025-11-09,US-West,Pro,6375.61,3,3,0.0223
2025-11-09,US-West,Basic,2314.85,3,1,0.0204
2025-11-09,Europe,Enterprise,19550.61,3,1,0.0278
2025-11-09,Europe,Pro,6084.93,1,2,0.0301
2025-11-09,Europe,Basic,1967.82,3,2,0.0301
2025-11-09,Asia,Enterprise,16113.1,6,8,0.034
2025-11-09,Asia,Pro,4574.48,3,5,0.0297
2025-11-09,Asia,Basic,1433.04,3,3,0.0363
2025-11-10,US-East,Enterprise,42041.72,9,5,0.0306
2025-11-10,US-East,Pro,12821.94,7,3,0.0298
2025-11-10,US-East,Basic,4450.09,10,7,0.0365
2025-11-10,US-West,Enterprise,39945.66,6,4,0.0428
2025-11-10,US-West,Pro,11037.86,11,11,0.0305
2025-11-10,US-West,Basic,3840.38,7,7,0.0284
2025-11-10,Europe,Enterprise,31923.14,7,3,0.0318
2025-11-10,Europe,Pro,9418.69,6,9,0.0316
2025-11-10,Europe,Basic,2933.04,7,6,0.0331
2025-11-10,Asia,Enterprise,26365.91,6,3,0.0342
2025-11-10,Asia,Pro,7562.98,6,2,0.0391
2025-11-10,Asia,Basic,2630.17,7,11,0.0312
2025-11-11,US-East,Enterprise,42340.38,9,9,0.0343
2025-11-11,US-East,Pro,13570.9,10,7,0.0274
2025-11-11,US-East,Basic,4198.77,5,7,0.0253
2025-11-11,US-West,Enterprise,34320.15,10,7,0.0277
2025-11-11,US-West,Pro,10297.69,6,5,0.0331
2025-11-11,US-West,Basic,3726.53,8,5,0.0295
2025-11-11,Europe,Enterprise,33135.65,4,5,0.0333
2025-11-11,Europe,Pro,9912.15,6,1,0.0372
2025-11-11,Europe,Basic,2728.58,7,6,0.0314
2025-11-11,Asia,Enterprise,114815.68,35,5,0.0338
2025-11-11,Asia,Pro,33585.62,15,8,0.0372
2025-11-11,Asia,Basic,11762.06,15,5,0.0273
2025-11-12,US-East,Enterprise,45401.57,9,5,0.036
2025-11-12,US-East,Pro,13045.07,8,6,0.0296
2025-11-12,US-East,Basic,4549.24,5,7,0.0283
2025-11-12,US-West,Enterprise,36449.77,9,5,0.0296
2025-11-12,US-West,Pro,10508.65,7,3,0.0279
2025-11-12,US-West,Basic,3311.6,6,6,0.0317
2025-11-12,Europe,Enterprise,32755.52,5,2,0.0279
2025-11-12,Europe,Pro,9085.61,6,8,0.0233
2025-11-12,Europe,Basic,3090.02,6,10,0.0294
2025-11-12,Asia,Enterprise,25565.41,4,4,0.0299
2025-11-12,Asia,Pro,7724.6,7,5,0.0327
2025-11-12,Asia,Basic,2551.09,10,2,0.0275
2025-11-13,US-East,Enterprise,42846.03,8,7,0.0275
2025-11-13,US-East,Pro,13535.77,11,6,0.028
2025-11-13,US-East,Basic,4235.95,11,4,0.0346
2025-11-13,US-West,Enterprise,37347.17,6,4,0.0316
2025-11-13,US-West,Pro,11555.73,9,9,0.0381
2025-11-13,US-West,Basic,3656.71,7,3,0.0404
2025-11-13,Europe,Enterprise,31020.81,6,3,0.036
2025-11-13,Europe,Pro,9409.34,9,2,0.0374
2025-11-13,Europe,Basic,3280.6,5,6,0.0298
2025-11-13,Asia,Enterprise,27519.67,4,7,0.0321
2025-11-13,Asia,Pro,7894.39,4,8,0.029
2025-11-13,Asia,Basic,2368.86,4,6,0.031
2025-11-14,US-East,Enterprise,42614.55,5,5,0.035
2025-11-14,US-East,Pro,12544.11,6,2,0.0308
2025-11-14,US-East,Basic,4320.95,8,9,0.0205
2025-11-14,US-West,Enterprise,36285.32,6,6,0.0273
2025-11-14,US-West,Pro,10810.83,4,2,0.0243
2025-11-14,US-West,Basic,3698.55,3,5,0.0306
2025-11-14,Europe,Enterprise,34639.99,10,9,0.0354
2025-11-14,Europe,Pro,9880.94,8,3,0.0229
2025-11-14,Europe,Basic,3454.55,7,5,0.0337
2025-11-14,Asia,Enterprise,26536.86,5,11,0.034
2025-11-14,Asia,Pro,7701.53,5,6,0.0388
2025-11-14,Asia,Basic,2539.09,4,4,0.0207
2025-11-15,US-East,Enterprise,28928.18,5,10,0.0334
2025-11-15,US-East,Pro,7278.41,5,5,0.0271
2025-11-15,US-East,Basic,2785.38,4,6,0.0331
2025-11-15,US-West,Enterprise,21541.63,3,6,0.0314
2025-11-15,US-West,Pro,6533.03,1,5,0.0335
2025-11-15,US-West,Basic,2064.08,3,7,0.0326
2025-11-15,Europe,Enterprise,18048.36,5,2,0.0396
2025-11-15,Europe,Pro,5737.39,3,5,0.0315
2025-11-15,Europe,Basic,1806.13,2,7,0.0275
2025-11-15,Asia,Enterprise,15718.74,2,6,0.0203
2025-11-15,Asia,Pro,4657.3,2,9,0.0418
2025-11-15,Asia,Basic,1538.36,3,5,0.0284
2025-11-16,US-East,Enterprise,25085.38,5,2,0.0222
2025-11-16,US-East,Pro,7813.46,5,4,0.0358
2025-11-16,US-East,Basic,2709.69,2,7,0.0329
2025-11-16,US-West,Enterprise,20702.88,6,8,0.0199
2025-11-16,US-West,Pro,6257.08,4,6,0.0289
2025-11-16,US-West,Basic,2075.95,3,9,0.0304
2025-11-16,Europe,Enterprise,20218.48,2,3,0.0377
2025-11-16,Europe,Pro,6035.44,5,9,0.0285
2025-11-16,Europe,Basic,1807.67,7,3,0.0356
2025-11-16,Asia,Enterprise,15676.4,5,7,0.0194
2025-11-16,Asia,Pro,4458.64,3,8,0.0309
2025-11-16,Asia,Basic,1505.85,1,8,0.0264
2025-11-17,US-East,Enterprise,45805.98,9,1,0.0427
2025-11-17,US-East,Pro,12801.76,6,5,0.0267
2025-11-17,US-East,Basic,4264.64,11,7,0.034
2025-11-17,US-West,Enterprise,34606.88,7,5,0.0307
2025-11-17,US-West,Pro,11281.89,9,12,0.0378
2025-11-17,US-West,Basic,3601.0,10,3,0.0257
2025-11-17,Europe,Enterprise,31998.03,5,5,0.0287
2025-11-17,Europe,Pro,10402.25,8,6,0.0319
2025-11-17,Europe,Basic,3314.95,6,2,0.0368
2025-11-17,Asia,Enterprise,24796.84,4,7,0.0268
2025-11-17,Asia,Pro,8346.46,6,11,0.0253
2025-11-17,Asia,Basic,2882.6,9,3,0.0259
2025-11-18,US-East,Enterprise,42701.76,7,12,0.0288
2025-11-18,US-East,Pro,13677.67,7,9,0.0195
2025-11-18,US-East,Basic,3946.97,10,4,0.0364
2025-11-18,US-West,Enterprise,33179.78,6,5,0.0232
2025-11-18,US-West,Pro,10450.57,5,5,0.0336
2025-11-18,US-West,Basic,3631.3,8,6,0.0263
2025-11-18,Europe,Enterprise,29416.49,9,2,0.0332
2025-11-18,Europe,Pro,9240.57,6,7,0.0283
2025-11-18,Europe,Basic,3219.92,5,4,0.0337
2025-11-18,Asia,Enterprise,23430.54,3,5,0.0232
2025-11-18,Asia,Pro,7164.46,3,3,0.0227
2025-11-18,Asia,Basic,2502.02,1,4,0.0258
2025-11-19,US-East,Enterprise,41585.79,5,3,0.0309
2025-11-19,US-East,Pro,12815.27,10,4,0.0275
2025-11-19,US-East,Basic,4405.55,7,8,0.0287
2025-11-19,US-West,Enterprise,34355.17,7,4,0.033
2025-11-19,US-West,Pro,11202.66,7,8,0.0306
2025-11-19,US-West,Basic,3742.34,6,3,0.036
2025-11-19,Europe,Enterprise,31027.18,4,5,0.0301
2025-11-19,Europe,Pro,9511.26,6,6,0.0308
2025-11-19,Europe,Basic,3553.09,4,6,0.0222
2025-11-19,Asia,Enterprise,25883.45,4,3,0.0273
2025-11-19,Asia,Pro,8183.42,5,7,0.0355
2025-11-19,Asia,Basic,2357.29,4,4,0.0273
2025-11-20,US-East,Enterprise,42162.43,5,7,0.0305
2025-11-20,US-East,Pro,13303.8,10,9,0.031
2025-11-20,US-East,Basic,4441.35,9,6,0.0413
2025-11-20,US-West,Enterprise,37850.7,7,2,0.0244
2025-11-20,US-West,Pro,10172.89,7,7,0.0251
2025-11-20,US-West,Basic,3518.85,6,6,0.0297
2025-11-20,Europe,Enterprise,30422.9,8,3,0.0292
2025-11-20,Europe,Pro,10210.85,6,5,0.0367
2025-11-20,Europe,Basic,3078.76,4,6,0.041
2025-11-20,Asia,Enterprise,26780.87,4,5,0.0304
2025-11-20,Asia,Pro,7887.14,7,4,0.0319
2025-11-20,Asia,Basic,2606.86,7,1,0.0265
2025-11-21,US-East,Enterprise,39020.49,6,6,0.0299
2025-11-21,US-East,Pro,13277.07,8,5,0.034
2025-11-21,US-East,Basic,4029.1,7,6,0.0344
2025-11-21,US-West,Enterprise,33438.28,4,2,0.0288
2025-11-21,US-West,Pro,9458.3,5,6,0.0346
2025-11-21,US-West,Basic,3665.52,7,4,0.0293
2025-11-21,Europe,Enterprise,33722.83,5,5,0.0301
2025-11-21,Europe,Pro,9943.54,5,6,0.0325
2025-11-21,Europe,Basic,3267.7,7,8,0.0305
2025-11-21,Asia,Enterprise,24312.94,3,5,0.0287
2025-11-21,Asia,Pro,7806.43,9,4,0.0362
2025-11-21,Asia,Basic,2477.66,3,10,0.029
2025-11-22,US-East,Enterprise,25480.43,4,11,0.0263
2025-11-22,US-East,Pro,7823.09,3,9,0.0304
2025-11-22,US-East,Basic,2398.28,7,7,0.0321
2025-11-22,US-West,Enterprise,21509.09,3,7,0.0359
2025-11-22,US-West,Pro,6654.71,2,4,0.0226
2025-11-22,US-West,Basic,2011.0,2,7,0.0364
2025-11-22,Europe,Enterprise,18646.36,4,2,0.0309
2025-11-22,Europe,Pro,5491.99,2,9,0.0305
2025-11-22,Europe,Basic,2141.35,8,7,0.0289
2025-11-22,Asia,Enterprise,14855.93,7,6,0.0234
2025-11-22,Asia,Pro,5020.11,1,3,0.0268
2025-11-22,Asia,Basic,1535.35,3,2,0.0183
2025-11-23,US-East,Enterprise,26784.13,7,4,0.021
2025-11-23,US-East,Pro,7772.91,5,10,0.0213
2025-11-23,US-East,Basic,2392.53,6,6,0.022
2025-11-23,US-West,Enterprise,21452.4,3,6,0.0284
2025-11-23,US-West,Pro,6260.26,2,4,0.0408
2025-11-23,US-West,Basic,2061.15,2,5,0.0321
2025-11-23,Europe,Enterprise,19672.88,1,4,0.0353
2025-11-23,Europe,Pro,5833.43,1,5,0.0325
2025-11-23,Europe,Basic,1952.13,1,7,0.0306
2025-11-23,Asia,Enterprise,14656.87,6,9,0.0288
2025-11-23,Asia,Pro,4466.76,1,11,0.0348
2025-11-23,Asia,Basic,1545.53,1,4,0.0251
2025-11-24,US-East,Enterprise,41240.09,7,10,0.0308
2025-11-24,US-East,Pro,12978.79,9,9,0.0164
2025-11-24,US-East,Basic,4407.66,13,8,0.0292
2025-11-24,US-West,Enterprise,34566.15,9,11,0.0244
2025-11-24,US-West,Pro,10757.72,5,6,0.0275
2025-11-24,US-West,Basic,3690.67,7,10,0.0303
2025-11-24,Europe,Enterprise,30367.22,8,5,0.0297
2025-11-24,Europe,Pro,9466.79,6,4,0.0297
2025-11-24,Europe,Basic,3294.54,5,6,0.0289
2025-11-24,Asia,Enterprise,23476.6,4,2,0.0271
2025-11-24,Asia,Pro,7302.19,5,2,0.0385
2025-11-24,Asia,Basic,2531.69,4,7,0.0287
2025-11-25,US-East,Enterprise,41402.0,10,6,0.0221
2025-11-25,US-East,Pro,12941.46,9,6,0.0261
2025-11-25,US-East,Basic,4012.03,9,4,0.026
2025-11-25,US-West,Enterprise,32962.95,7,11,0.0281
2025-11-25,US-West,Pro,10883.96,8,9,0.0298
2025-11-25,US-West,Basic,3446.99,6,6,0.0446
2025-11-25,Europe,Enterprise,31360.51,8,3,0.0431
2025-11-25,Europe,Pro,10020.6,8,5,0.0318
2025-11-25,Europe,Basic,2959.98,10,6,0.0354
2025-11-25,Asia,Enterprise,26956.44,5,7,0.0287
2025-11-25,Asia,Pro,7568.0,5,4,0.0239
2025-11-25,Asia,Basic,2620.44,3,5,0.0242
2025-11-26,US-East,Enterprise,42913.48,9,4,0.0285
2025-11-26,US-East,Pro,12982.16,11,8,0.0232
2025-11-26,US-East,Basic,4099.55,9,11,0.0394
2025-11-26,US-West,Enterprise,33995.87,3,7,0.0253
2025-11-26,US-West,Pro,10454.01,3,9,0.03
2025-11-26,US-West,Basic,3596.74,8,4,0.0328
2025-11-26,Europe,Enterprise,29623.49,6,7,0.0246
2025-11-26,Europe,Pro,8919.01,3,5,0.0267
2025-11-26,Europe,Basic,3199.0,5,5,0.0281
2025-11-26,Asia,Enterprise,22627.44,6,3,0.0316
2025-11-26,Asia,Pro,7121.37,5,8,0.0331
2025-11-26,Asia,Basic,2598.36,6,5,0.0359
2025-11-27,US-East,Enterprise,41512.92,12,7,0.0244
2025-11-27,US-East,Pro,11856.93,7,6,0.0279
2025-11-27,US-East,Basic,4149.79,9,4,0.032
2025-11-27,US-West,Enterprise,36109.26,5,5,0.0329
2025-11-27,US-West,Pro,9862.66,6,6,0.0304
2025-11-27,US-West,Basic,3401.67,3,3,0.0273
2025-11-27,Europe,Enterprise,30607.48,4,4,0.036
2025-11-27,Europe,Pro,9566.62,5,3,0.0271
2025-11-27,Europe,Basic,3073.93,3,2,0.0392
2025-11-27,Asia,Enterprise,25525.83,8,4,0.0268
2025-11-27,Asia,Pro,7439.7,6,0,0.0237
2025-11-27,Asia,Basic,2637.04,10,6,0.0221
2025-11-28,US-East,Enterprise,41427.23,9,6,0.0292
2025-11-28,US-East,Pro,12362.74,10,2,0.032
2025-11-28,US-East,Basic,4123.73,10,8,0.0255
2025-11-28,US-West,Enterprise,32044.29,6,4,0.0329
2025-11-28,US-West,Pro,10663.34,7,13,0.0306
2025-11-28,US-West,Basic,3536.33,9,8,0.0268
2025-11-28,Europe,Enterprise,31203.6,6,2,0.0249
2025-11-28,Europe,Pro,8607.86,6,4,0.0291
2025-11-28,Europe,Basic,3017.26,2,4,0.0261
2025-11-28,Asia,Enterprise,24846.37,4,5,0.0444
2025-11-28,Asia,Pro,7163.34,5,9,0.0358
2025-11-28,Asia,Basic,2450.64,4,6,0.0201
2025-11-29,US-East,Enterprise,25270.03,3,5,0.0268
2025-11-29,US-East,Pro,7137.72,5,0,0.0324
2025-11-29,US-East,Basic,2364.22,5,5,0.0338
2025-11-29,US-West,Enterprise,21694.75,4,10,0.0278
2025-11-29,US-West,Pro,6651.04,8,7,0.0349
2025-11-29,US-West,Basic,2028.7,4,3,0.0378
2025-11-29,Europe,Enterprise,19094.58,2,6,0.0324
2025-11-29,Europe,Pro,5866.09,2,8,0.0334
2025-11-29,Europe,Basic,1980.84,7,8,0.0285
2025-11-29,Asia,Enterprise,13345.07,1,5,0.0348
2025-11-29,Asia,Pro,4419.61,1,5,0.0281
2025-11-29,Asia,Basic,1448.56,4,6,0.0293
2025-11-30,US-East,Enterprise,23684.54,3,5,0.0341
2025-11-30,US-East,Pro,7422.1,4,5,0.0351
2025-11-30,US-East,Basic,2477.29,2,7,0.039
2025-11-30,US-West,Enterprise,21517.4,3,4,0.0275
2025-11-30,US-West,Pro,6572.62,3,2,0.0292
2025-11-30,US-West,Basic,2209.82,5,14,0.0314
2025-11-30,Europe,Enterprise,18333.3,3,4,0.0364
2025-11-30,Europe,Pro,5314.95,2,5,0.0308
2025-11-30,Europe,Basic,1884.16,7,1,0.0358
2025-11-30,Asia,Enterprise,14468.37,1,3,0.0342
2025-11-30,Asia,Pro,4222.29,4,5,0.0333
2025-11-30,Asia,Basic,1468.14,1,3,0.0207
2025-12-01,US-East,Enterprise,39736.31,8,0,0.0303
2025-12-01,US-East,Pro,12422.03,7,6,0.0392
2025-12-01,US-East,Basic,3841.87,9,4,0.0286
2025-12-01,US-West,Enterprise,34344.58,5,7,0.0298
2025-12-01,US-West,Pro,10297.55,7,2,0.0357
2025-12-01,US-West,Basic,3566.33,10,7,0.0293
2025-12-01,Europe,Enterprise,30413.03,5,6,0.0298
2025-12-01,Europe,Pro,8943.58,6,3,0.0377
2025-12-01,Europe,Basic,3111.56,9,5,0.0202
2025-12-01,Asia,Enterprise,24682.34,2,6,0.0423
2025-12-01,Asia,Pro,7622.24,6,7,0.0396
2025-12-01,Asia,Basic,2619.12,7,9,0.026
2025-12-02,US-East,Enterprise,41557.04,8,7,0.0412
2025-12-02,US-East,Pro,12533.97,7,3,0.0327
2025-12-02,US-East,Basic,4394.2,9,5,0.0346
2025-12-02,US-West,Enterprise,36330.67,11,7,0.0354
2025-12-02,US-West,Pro,9770.07,3,5,0.0359
2025-12-02,US-West,Basic,3643.07,11,4,0.03
2025-12-02,Europe,Enterprise,34074.77,4,4,0.0344
2025-12-02,Europe,Pro,9513.85,8,5,0.0367
2025-12-02,Europe,Basic,3658.78,8,9,0.0284
2025-12-02,Asia,Enterprise,22997.53,3,5,0.023
2025-12-02,Asia,Pro,6833.03,7,3,0.0244
2025-12-02,Asia,Basic,2559.3,5,5,0.0332
2025-12-03,US-East,Enterprise,45057.33,6,4,0.0281
2025-12-03,US-East,Pro,12489.85,7,8,0.0262
2025-12-03,US-East,Basic,4360.92,12,8,0.0318
2025-12-03,US-West,Enterprise,35232.44,3,5,0.027
2025-12-03,US-West,Pro,11044.96,4,7,0.0254
2025-12-03,US-West,Basic,3387.88,5,2,0.0212
2025-12-03,Europe,Enterprise,30742.26,4,4,0.0231
2025-12-03,Europe,Pro,9535.71,5,7,0.022
2025-12-03,Europe,Basic,3299.46,6,6,0.0231
2025-12-03,Asia,Enterprise,23616.56,4,9,0.0258
2025-12-03,Asia,Pro,6774.99,2,5,0.0325
2025-12-03,Asia,Basic,2142.69,4,4,0.0248
2025-12-04,US-East,Enterprise,40901.63,6,6,0.0313
2025-12-04,US-East,Pro,12469.67,6,5,0.0173
2025-12-04,US-East,Basic,4119.73,10,6,0.0217
2025-12-04,US-West,Enterprise,36827.81,8,8,0.0318
2025-12-04,US-West,Pro,10736.23,8,5,0.0281
2025-12-04,US-West,Basic,3362.52,8,10,0.0254
2025-12-04,Europe,Enterprise,32482.57,8,9,0.0341
2025-12-04,Europe,Pro,9015.74,6,9,0.0378
2025-12-04,Europe,Basic,3024.31,3,9,0.025
2025-12-04,Asia,Enterprise,23091.7,6,5,0.0305
2025-12-04,Asia,Pro,7481.38,4,2,0.0352
2025-12-04,Asia,Basic,2488.02,5,7,0.029
2025-12-05,US-East,Enterprise,43864.17,10,8,0.0364
2025-12-05,US-East,Pro,13221.48,7,5,0.0266
2025-12-05,US-East,Basic,3978.81,11,5,0.0335
2025-12-05,US-West,Enterprise,29691.1,3,6,0.0281
2025-12-05,US-West,Pro,10220.2,5,3,0.0281
2025-12-05,US-West,Basic,3364.77,4,4,0.0338
2025-12-05,Europe,Enterprise,33853.13,7,8,0.0347
2025-12-05,Europe,Pro,8839.62,10,7,0.0223
2025-12-05,Europe,Basic,3028.92,7,2,0.0299
2025-12-05,Asia,Enterprise,23476.92,10,7,0.0315
2025-12-05,Asia,Pro,7305.03,4,9,0.0219
2025-12-05,Asia,Basic,2431.5,6,4,0.0271
2025-12-06,US-East,Enterprise,23306.97,7,8,0.0341
2025-12-06,US-East,Pro,7887.8,6,5,0.0284
2025-12-06,US-East,Basic,2389.95,7,5,0.0295
2025-12-06,US-West,Enterprise,22441.32,1,3,0.0302
2025-12-06,US-West,Pro,6895.36,4,6,0.026
2025-12-06,US-West,Basic,2259.21,4,6,0.0339
2025-12-06,Europe,Enterprise,18655.96,2,6,0.0348
2025-12-06,Europe,Pro,5808.77,1,6,0.0306
2025-12-06,Europe,Basic,2029.79,5,4,0.0319
2025-12-06,Asia,Enterprise,14337.41,1,7,0.0324
2025-12-06,Asia,Pro,4294.85,3,8,0.0329
2025-12-06,Asia,Basic,1406.57,1,5,0.0401
2025-12-07,US-East,Enterprise,23229.32,3,7,0.0354
2025-12-07,US-East,Pro,6627.16,3,3,0.0187
2025-12-07,US-East,Basic,2286.26,4,8,0.0244
2025-12-07,US-West,Enterprise,19484.57,1,3,0.0326
2025-12-07,US-West,Pro,5956.34,1,4,0.0275
2025-12-07,US-West,Basic,2079.47,5,9,0.0224
2025-12-07,Europe,Enterprise,17612.42,6,7,0.0335
2025-12-07,Europe,Pro,5629.74,3,5,0.0264
2025-12-07,Europe,Basic,1765.33,5,6,0.0283
2025-12-07,Asia,Enterprise,14396.97,2,7,0.0303
2025-12-07,Asia,Pro,4258.26,1,3,0.0323
2025-12-07,Asia,Basic,1445.35,3,9,0.0306
2025-12-08,US-East,Enterprise,40477.48,9,1,0.0274
2025-12-08,US-East,Pro,12117.83,5,6,0.0324
2025-12-08,US-East,Basic,4108.94,10,5,0.0251
2025-12-08,US-West,Enterprise,34570.82,2,6,0.0268
2025-12-08,US-West,Pro,10973.28,8,6,0.031
2025-12-08,US-West,Basic,3407.81,7,8,0.0273
2025-12-08,Europe,Enterprise,29122.93,3,8,0.0315
2025-12-08,Europe,Pro,8745.96,3,4,0.0206
2025-12-08,Europe,Basic,2975.51,6,5,0.036
2025-12-08,Asia,Enterprise,24755.71,9,6,0.0353
2025-12-08,Asia,Pro,7160.33,2,4,0.0297
2025-12-08,Asia,Basic,2488.41,4,6,0.0322
2025-12-09,US-East,Enterprise,40465.87,4,4,0.0366
2025-12-09,US-East,Pro,11849.56,9,5,0.0275
2025-12-09,US-East,Basic,4267.25,10,9,0.025
2025-12-09,US-West,Enterprise,34062.08,9,4,0.0291
2025-12-09,US-West,Pro,10481.14,5,6,0.0317
2025-12-09,US-West,Basic,3788.85,4,6,0.0199
2025-12-09,Europe,Enterprise,27837.95,5,5,0.0243
2025-12-09,Europe,Pro,9831.41,7,5,0.0266
2025-12-09,Europe,Basic,3275.14,5,0,0.0319
2025-12-09,Asia,Enterprise,25205.57,9,7,0.0291
2025-12-09,Asia,Pro,6771.63,3,8,0.0276
2025-12-09,Asia,Basic,2566.59,5,4,0.0351
2025-12-10,US-East,Enterprise,43482.15,11,9,0.0219
2025-12-10,US-East,Pro,13294.9,11,4,0.0326
2025-12-10,US-East,Basic,4138.25,7,3,0.0291
2025-12-10,US-West,Enterprise,32376.71,8,4,0.0304
2025-12-10,US-West,Pro,9462.19,6,4,0.0317
2025-12-10,US-West,Basic,3507.0,7,4,0.0291
2025-12-10,Europe,Enterprise,29675.67,5,10,0.0275
2025-12-10,Europe,Pro,9238.64,4,3,0.0322
2025-12-10,Europe,Basic,3489.66,9,4,0.0349
2025-12-10,Asia,Enterprise,24275.96,6,3,0.0332
2025-12-10,Asia,Pro,7209.64,6,9,0.0306
2025-12-10,Asia,Basic,2607.68,3,3,0.0294
2025-12-11,US-East,Enterprise,39088.65,6,7,0.0281
2025-12-11,US-East,Pro,12484.34,6,5,0.0378
2025-12-11,US-East,Basic,4336.09,7,4,0.0267
2025-12-11,US-West,Enterprise,36135.65,8,7,0.0215
2025-12-11,US-West,Pro,10723.96,7,14,0.0276
2025-12-11,US-West,Basic,3824.76,6,7,0.0247
2025-12-11,Europe,Enterprise,30314.08,3,6,0.0249
2025-12-11,Europe,Pro,8776.11,1,4,0.0327
2025-12-11,Europe,Basic,3292.6,7,8,0.0324
2025-12-11,Asia,Enterprise,23881.62,6,1,0.0252
2025-12-11,Asia,Pro,8028.82,4,4,0.0337
2025-12-11,Asia,Basic,2506.29,4,4,0.0346
2025-12-12,US-East,Enterprise,42606.53,8,3,0.0289
2025-12-12,US-East,Pro,13015.35,5,7,0.0311
2025-12-12,US-East,Basic,3964.86,6,8,0.0288
2025-12-12,US-West,Enterprise,34530.2,7,4,0.0274
2025-12-12,US-West,Pro,10206.86,7,6,0.0316
2025-12-12,US-West,Basic,3382.23,6,6,0.034
2025-12-12,Europe,Enterprise,31117.58,6,2,0.0243
2025-12-12,Europe,Pro,8435.21,2,3,0.0333
2025-12-12,Europe,Basic,2974.38,7,6,0.0289
2025-12-12,Asia,Enterprise,25376.58,5,4,0.0276
2025-12-12,Asia,Pro,6977.63,4,3,0.0223
2025-12-12,Asia,Basic,2480.36,3,8,0.0365
2025-12-13,US-East,Enterprise,23960.44,9,7,0.0259
2025-12-13,US-East,Pro,7076.54,1,5,0.0192
2025-12-13,US-East,Basic,2422.53,5,2,0.0276
2025-12-13,US-West,Enterprise,19605.19,1,5,0.0308
2025-12-13,US-West,Pro,6421.98,7,7,0.0258
2025-12-13,US-West,Basic,1982.61,6,8,0.025
2025-12-13,Europe,Enterprise,18804.09,1,7,0.0353
2025-12-13,Europe,Pro,5362.21,1,5,0.0344
2025-12-13,Europe,Basic,1813.97,1,6,0.0262
2025-12-13,Asia,Enterprise,15476.74,4,4,0.0332
2025-12-13,Asia,Pro,4223.76,2,10,0.0266
2025-12-13,Asia,Basic,1453.51,1,5,0.0289
2025-12-14,US-East,Enterprise,23629.36,5,7,0.032
2025-12-14,US-East,Pro,7310.58,3,9,0.038
2025-12-14,US-East,Basic,2200.98,2,2,0.0193
2025-12-14,US-West,Enterprise,19928.85,4,2,0.0288
2025-12-14,US-West,Pro,5893.34,4,4,0.0317
2025-12-14,US-West,Basic,2101.03,4,6,0.0311
2025-12-14,Europe,Enterprise,17503.54,2,3,0.0219
2025-12-14,Europe,Pro,6084.72,4,6,0.0322
2025-12-14,Europe,Basic,1946.5,4,4,0.0193
2025-12-14,Asia,Enterprise,15195.75,1,4,0.0221
2025-12-14,Asia,Pro,4289.53,3,3,0.0304
2025-12-14,Asia,Basic,1396.15,1,1,0.0334
2025-12-15,US-East,Enterprise,40863.71,6,5,0.0378
2025-12-15,US-East,Pro,12453.75,8,4,0.0249
2025-12-15,US-East,Basic,4105.7,6,6,0.0245
2025-12-15,US-West,Enterprise,33334.5,9,4,0.0319
2025-12-15,US-West,Pro,10346.23,6,8,0.0313
2025-12-15,US-West,Basic,3243.93,3,3,0.0289
2025-12-15,Europe,Enterprise,27313.12,5,8,0.0381
2025-12-15,Europe,Pro,7949.43,7,11,0.0377
2025-12-15,Europe,Basic,2975.92,2,3,0.0434
2025-12-15,Asia,Enterprise,24953.83,6,4,0.0339
2025-12-15,Asia,Pro,7093.91,4,7,0.0306
2025-12-15,Asia,Basic,2353.3,7,6,0.039
2025-12-16,US-East,Enterprise,43274.27,8,4,0.0264
2025-12-16,US-East,Pro,13027.1,8,11,0.029
2025-12-16,US-East,Basic,3885.34,7,5,0.0256
2025-12-16,US-West,Enterprise,32460.95,3,4,0.0265
2025-12-16,US-West,Pro,9909.83,4,6,0.0358
2025-12-16,US-West,Basic,3063.4,6,3,0.0283
2025-12-16,Europe,Enterprise,31144.27,7,8,0.0292
2025-12-16,Europe,Pro,9567.89,10,10,0.0267
2025-12-16,Europe,Basic,2903.91,7,8,0.0299
2025-12-16,Asia,Enterprise,24212.01,4,4,0.0356
2025-12-16,Asia,Pro,7868.92,4,4,0.0229
2025-12-16,Asia,Basic,2516.04,7,5,0.0352
2025-12-17,US-East,Enterprise,39635.66,9,3,0.0239
2025-12-17,US-East,Pro,11577.02,8,10,0.0335
2025-12-17,US-East,Basic,4251.71,6,4,0.0266
2025-12-17,US-West,Enterprise,33627.83,6,3,0.0366
2025-12-17,US-West,Pro,9630.25,11,5,0.0277
2025-12-17,US-West,Basic,3748.49,6,5,0.0247
2025-12-17,Europe,Enterprise,27311.83,7,4,0.0247
2025-12-17,Europe,Pro,9319.87,7,7,0.0227
2025-12-17,Europe,Basic,3351.19,7,5,0.0304
2025-12-17,Asia,Enterprise,24894.23,5,8,0.0323
2025-12-17,Asia,Pro,7054.47,4,5,0.0246
2025-12-17,Asia,Basic,2369.18,3,9,0.0225
2025-12-18,US-East,Enterprise,39938.55,10,4,0.0176
2025-12-18,US-East,Pro,11795.01,6,3,0.0328
2025-12-18,US-East,Basic,3670.84,9,2,0.03
2025-12-18,US-West,Enterprise,36866.52,8,2,0.0349
2025-12-18,US-West,Pro,10604.14,7,6,0.027
2025-12-18,US-West,Basic,3371.82,6,4,0.027
2025-12-18,Europe,Enterprise,29944.74,8,4,0.0325
2025-12-18,Europe,Pro,8794.88,7,4,0.0349
2025-12-18,Europe,Basic,2987.31,5,4,0.0277
2025-12-18,Asia,Enterprise,23232.73,5,4,0.0319
2025-12-18,Asia,Pro,7617.03,5,2,0.0247
2025-12-18,Asia,Basic,2472.29,6,8,0.0336
2025-12-19,US-East,Enterprise,39216.13,9,6,0.0239
2025-12-19,US-East,Pro,12765.3,6,6,0.0336
2025-12-19,US-East,Basic,4287.37,10,4,0.0348
2025-12-19,US-West,Enterprise,31989.83,7,5,0.0306
2025-12-19,US-West,Pro,11084.55,7,3,0.0281
2025-12-19,US-West,Basic,3456.85,7,6,0.0362
2025-12-19,Europe,Enterprise,30486.16,4,3,0.0337
2025-12-19,Europe,Pro,9397.25,3,5,0.0315
2025-12-19,Europe,Basic,2673.11,5,10,0.0321
2025-12-19,Asia,Enterprise,20183.35,1,7,0.0277
2025-12-19,Asia,Pro,7505.99,8,5,0.0399
2025-12-19,Asia,Basic,2421.84,5,4,0.0316
2025-12-20,US-East,Enterprise,25779.44,8,8,0.0204
2025-12-20,US-East,Pro,7573.22,6,2,0.0335
2025-12-20,US-East,Basic,2313.47,4,7,0.0347
2025-12-20,US-West,Enterprise,20235.11,1,3,0.0205
2025-12-20,US-West,Pro,6489.8,1,5,0.0339
2025-12-20,US-West,Basic,1934.1,1,4,0.0324
2025-12-20,Europe,Enterprise,18895.47,2,6,0.0327
2025-12-20,Europe,Pro,5404.98,6,3,0.0366
2025-12-20,Europe,Basic,1892.11,2,6,0.0203
2025-12-20,Asia,Enterprise,13581.52,2,5,0.0319
2025-12-20,Asia,Pro,4252.56,4,4,0.0339
2025-12-20,Asia,Basic,1432.69,2,6,0.0297
2025-12-21,US-East,Enterprise,26571.66,5,6,0.0333
2025-12-21,US-East,Pro,6806.2,6,4,0.0368
2025-12-21,US-East,Basic,2405.44,3,9,0.0224
2025-12-21,US-West,Enterprise,20295.27,4,6,0.0301
2025-12-21,US-West,Pro,6392.06,5,3,0.024
2025-12-21,US-West,Basic,2051.52,7,7,0.0324
2025-12-21,Europe,Enterprise,17063.57,1,8,0.0162
2025-12-21,Europe,Pro,5045.52,2,15,0.0247
2025-12-21,Europe,Basic,1695.61,3,4,0.0309
2025-12-21,Asia,Enterprise,13851.54,2,8,0.0354
2025-12-21,Asia,Pro,3933.0,2,4,0.0266
2025-12-21,Asia,Basic,1493.7,2,4,0.0377
2025-12-22,US-East,Enterprise,41847.35,9,4,0.0287
2025-12-22,US-East,Pro,13001.03,5,5,0.0239
2025-12-22,US-East,Basic,3850.99,11,5,0.0276
2025-12-22,US-West,Enterprise,33484.13,8,6,0.0297
2025-12-22,US-West,Pro,10613.43,8,8,0.0265
2025-12-22,US-West,Basic,3401.53,6,11,0.0384
2025-12-22,Europe,Enterprise,28705.95,4,4,0.0233
2025-12-22,Europe,Pro,8677.98,2,8,0.0368
2025-12-22,Europe,Basic,2993.15,4,3,0.0236
2025-12-22,Asia,Enterprise,23653.76,6,2,0.0358
2025-12-22,Asia,Pro,7592.18,3,6,0.0256
2025-12-22,Asia,Basic,2612.9,8,6,0.0243
2025-12-23,US-East,Enterprise,40681.46,11,5,0.0266
2025-12-23,US-East,Pro,12692.52,8,6,0.0332
2025-12-23,US-East,Basic,4272.97,9,9,0.0284
2025-12-23,US-West,Enterprise,33904.83,6,5,0.0244
2025-12-23,US-West,Pro,10822.62,6,4,0.0284
2025-12-23,US-West,Basic,3320.09,7,6,0.0294
2025-12-23,Europe,Enterprise,29239.05,9,9,0.04
2025-12-23,Europe,Pro,9308.92,7,4,0.0305
2025-12-23,Europe,Basic,2839.62,4,4,0.0273
2025-12-23,Asia,Enterprise,23243.11,4,6,0.0221
2025-12-23,Asia,Pro,7077.56,4,5,0.0336
2025-12-23,Asia,Basic,2271.06,5,7,0.0249
2025-12-24,US-East,Enterprise,37840.39,4,60,0.0362
2025-12-24,US-East,Pro,12393.35,7,36,0.0276
2025-12-24,US-East,Basic,3915.66,6,24,0.0237
2025-12-24,US-West,Enterprise,33964.65,3,66,0.0326
2025-12-24,US-West,Pro,9463.7,6,18,0.0259
2025-12-24,US-West,Basic,3336.05,5,12,0.0332
2025-12-24,Europe,Enterprise,29589.37,8,30,0.0267
2025-12-24,Europe,Pro,8876.18,4,24,0.0345
2025-12-24,Europe,Basic,3043.23,8,42,0.0291
2025-12-24,Asia,Enterprise,23753.73,5,42,0.0313
2025-12-24,Asia,Pro,7184.65,2,48,0.0254
2025-12-24,Asia,Basic,2348.05,5,18,0.0276
2025-12-25,US-East,Enterprise,40224.45,11,5,0.0197
2025-12-25,US-East,Pro,11872.16,12,4,0.0312
2025-12-25,US-East,Basic,4121.15,6,10,0.0259
2025-12-25,US-West,Enterprise,31345.14,5,10,0.0274
2025-12-25,US-West,Pro,10182.34,6,9,0.0278
2025-12-25,US-West,Basic,3459.56,7,7,0.0356
2025-12-25,Europe,Enterprise,28244.14,6,7,0.0347
2025-12-25,Europe,Pro,10510.59,3,5,0.0351
2025-12-25,Europe,Basic,3013.94,7,6,0.0325
2025-12-25,Asia,Enterprise,25132.75,1,4,0.0237
2025-12-25,Asia,Pro,7362.23,3,5,0.0379
2025-12-25,Asia,Basic,2442.23,5,5,0.0316
2025-12-26,US-East,Enterprise,40111.41,6,12,0.0324
2025-12-26,US-East,Pro,12126.33,5,9,0.0309
2025-12-26,US-East,Basic,4161.78,7,2,0.0295
2025-12-26,US-West,Enterprise,35600.58,4,6,0.0246
2025-12-26,US-West,Pro,10747.01,8,4,0.0326
2025-12-26,US-West,Basic,3419.45,7,8,0.0329
2025-12-26,Europe,Enterprise,30784.55,3,8,0.0283
2025-12-26,Europe,Pro,8627.35,3,4,0.0407
2025-12-26,Europe,Basic,3024.85,7,7,0.024
2025-12-26,Asia,Enterprise,24411.76,4,5,0.0363
2025-12-26,Asia,Pro,6833.18,8,3,0.0239
2025-12-26,Asia,Basic,2376.06,7,5,0.0325
2025-12-27,US-East,Enterprise,22155.79,5,6,0.0292
2025-12-27,US-East,Pro,7197.3,8,4,0.0233
2025-12-27,US-East,Basic,2474.8,3,2,0.034
2025-12-27,US-West,Enterprise,20261.67,4,5,0.0319
2025-12-27,US-West,Pro,6286.67,2,2,0.0299
2025-12-27,US-West,Basic,1860.2,1,5,0.017
2025-12-27,Europe,Enterprise,18017.32,3,5,0.0351
2025-12-27,Europe,Pro,5346.71,5,4,0.0176
2025-12-27,Europe,Basic,1787.06,2,7,0.0304
2025-12-27,Asia,Enterprise,14967.86,6,5,0.0314
2025-12-27,Asia,Pro,4368.08,6,10,0.0378
2025-12-27,Asia,Basic,1474.42,3,5,0.0333
2025-12-28,US-East,Enterprise,24864.27,2,8,0.035
2025-12-28,US-East,Pro,7403.59,4,3,0.0298
2025-12-28,US-East,Basic,2335.28,1,3,0.0348
2025-12-28,US-West,Enterprise,20986.96,3,7,0.0284
2025-12-28,US-West,Pro,6146.89,2,4,0.0294
2025-12-28,US-West,Basic,1990.05,4,5,0.0302
2025-12-28,Europe,Enterprise,17111.72,3,3,0.0308
2025-12-28,Europe,Pro,5268.46,1,5,0.0371
2025-12-28,Europe,Basic,1832.7,5,8,0.0337
2025-12-28,Asia,Enterprise,14986.93,2,4,0.026
2025-12-28,Asia,Pro,4510.12,1,6,0.0214
2025-12-28,Asia,Basic,1492.9,1,8,0.027
2025-12-29,US-East,Enterprise,35100.04,9,5,0.0345
2025-12-29,US-East,Pro,12983.58,9,3,0.03
2025-12-29,US-East,Basic,4276.47,7,11,0.0318
2025-12-29,US-West,Enterprise,30726.11,7,9,0.0247
2025-12-29,US-West,Pro,10584.96,7,6,0.0284
2025-12-29,US-West,Basic,3528.8,7,8,0.0253
2025-12-29,Europe,Enterprise,29302.53,5,5,0.0287
2025-12-29,Europe,Pro,9208.45,7,4,0.0308
2025-12-29,Europe,Basic,3035.36,7,6,0.0351
2025-12-29,Asia,Enterprise,22312.1,9,3,0.031
2025-12-29,Asia,Pro,7337.57,2,8,0.0267
2025-12-29,Asia,Basic,2603.06,3,8,0.0289
2025-12-30,US-East,Enterprise,37766.08,3,7,0.0337
2025-12-30,US-East,Pro,12281.2,10,6,0.0189
2025-12-30,US-East,Basic,3754.25,8,7,0.0358
2025-12-30,US-West,Enterprise,37528.32,8,3,0.0323
2025-12-30,US-West,Pro,10679.34,7,6,0.0343
2025-12-30,US-West,Basic,3414.09,7,8,0.0292
2025-12-30,Europe,Enterprise,29377.18,6,2,0.0305
2025-12-30,Europe,Pro,9021.74,8,2,0.0365
2025-12-30,Europe,Basic,2821.22,6,5,0.0365
2025-12-30,Asia,Enterprise,24782.4,2,6,0.0376
2025-12-30,Asia,Pro,6410.69,4,5,0.029
2025-12-30,Asia,Basic,2375.0,9,5,0.0334
2025-12-31,US-East,Enterprise,38392.96,10,4,0.034
2025-12-31,US-East,Pro,12650.44,5,4,0.0229
2025-12-31,US-East,Basic,3978.88,9,8,0.0297
2025-12-31,US-West,Enterprise,35614.45,5,6,0.0225
2025-12-31,US-West,Pro,10255.73,5,1,0.0276
2025-12-31,US-West,Basic,3633.66,11,3,0.0316
2025-12-31,Europe,Enterprise,28929.1,5,3,0.0289
2025-12-31,Europe,Pro,9342.76,5,6,0.0292
2025-12-31,Europe,Basic,3039.84,5,8,0.0237
2025-12-31,Asia,Enterprise,24962.23,3,5,0.0283
2025-12-31,Asia,Pro,7652.07,2,3,0.0376
2025-12-31,Asia,Basic,2557.11,6,8,0.0302
